Symbol,Underlying,Type,Strike,Expiry,Reason
OPT_SUNPHARMA_20260224_PE_248000,SUNPHARMA,OPT_PE,248000,20260224,Zero position & not in today refdata
OPT_COALINDIA_20260224_CE_23000,COALINDIA,OPT_CE,23000,20260224,Zero position & not in today refdata
OPT_LT_20260224_CE_306000,LT,OPT_CE,306000,20260224,Zero position & not in today refdata
OPT_M&M_20260224_PE_465000,M&M,OPT_PE,465000,20260224,Zero position & not in today refdata
OPT_KOTAKBANK_20260224_CE_39600,KOTAKBANK,OPT_CE,39600,20260224,Zero position & not in today refdata
OPT_ICICIBANK_20260224_PE_177000,ICICIBANK,OPT_PE,177000,20260224,Zero position & not in today refdata
OPT_TATASTEEL_20260224_CE_14500,TATASTEEL,OPT_CE,14500,20260224,Zero position & not in today refdata
OPT_TATASTEEL_20260224_CE_15100,TATASTEEL,OPT_CE,15100,20260224,Zero position & not in today refdata
OPT_SBILIFE_20260224_PE_304000,SBILIFE,OPT_PE,304000,20260224,Zero position & not in today refdata
OPT_INDUSINDBK_20260224_CE_128000,INDUSINDBK,OPT_CE,128000,20260224,Zero position & not in today refdata
OPT_ONGC_20260224_PE_16800,ONGC,OPT_PE,16800,20260224,Zero position & not in today refdata
OPT_TATACONSUM_20260224_CE_153000,TATACONSUM,OPT_CE,153000,20260224,Zero position & not in today refdata
OPT_TRENT_20260224_CE_610000,TRENT,OPT_CE,610000,20260224,Zero position & not in today refdata
OPT_BHARTIARTL_20260224_PE_270000,BHARTIARTL,OPT_PE,270000,20260224,Zero position & not in today refdata
OPT_SBIN_20260224_PE_85500,SBIN,OPT_PE,85500,20260224,Zero position & not in today refdata
OPT_EICHERMOT_20260224_CE_1080000,EICHERMOT,OPT_CE,1080000,20260224,Zero position & not in today refdata
OPT_RELIANCE_20260224_PE_232000,RELIANCE,OPT_PE,232000,20260224,Zero position & not in today refdata
OPT_SHRIRAMFIN_20260224_CE_71000,SHRIRAMFIN,OPT_CE,71000,20260224,Zero position & not in today refdata
OPT_EICHERMOT_20260224_PE_1060000,EICHERMOT,OPT_PE,1060000,20260224,Zero position & not in today refdata
OPT_SBIN_20260224_CE_66000,SBIN,OPT_CE,66000,20260224,Zero position & not in today refdata
OPT_ULTRACEMCO_20260224_CE_660000,ULTRACEMCO,OPT_CE,660000,20260224,Zero position & not in today refdata
OPT_MARUTI_20260224_PE_2420000,MARUTI,OPT_PE,2420000,20260224,Zero position & not in today refdata
OPT_LT_20260224_CE_544000,LT,OPT_CE,544000,20260224,Zero position & not in today refdata
OPT_M&M_20260224_CE_530000,M&M,OPT_CE,530000,20260224,Zero position & not in today refdata
OPT_WIPRO_20260224_CE_21150,WIPRO,OPT_CE,21150,20260224,Zero position & not in today refdata
OPT_COALINDIA_20260224_CE_33750,COALINDIA,OPT_CE,33750,20260224,Zero position & not in today refdata
OPT_HDFCLIFE_20260224_CE_101000,HDFCLIFE,OPT_CE,101000,20260224,Zero position & not in today refdata
OPT_TITAN_20260224_PE_572000,TITAN,OPT_PE,572000,20260224,Zero position & not in today refdata
OPT_ONGC_20260224_CE_16400,ONGC,OPT_CE,16400,20260224,Zero position & not in today refdata
OPT_RELIANCE_20260224_CE_189000,RELIANCE,OPT_CE,189000,20260224,Zero position & not in today refdata
OPT_SUNPHARMA_20260224_CE_240000,SUNPHARMA,OPT_CE,240000,20260224,Zero position & not in today refdata
OPT_WIPRO_20260224_CE_20900,WIPRO,OPT_CE,20900,20260224,Zero position & not in today refdata
OPT_HINDUNILVR_20260224_PE_352000,HINDUNILVR,OPT_PE,352000,20260224,Zero position & not in today refdata
OPT_AXISBANK_20260224_CE_93000,AXISBANK,OPT_CE,93000,20260224,Zero position & not in today refdata
OPT_HDFCLIFE_20260224_PE_101000,HDFCLIFE,OPT_PE,101000,20260224,Zero position & not in today refdata
OPT_TATACONSUM_20260224_CE_155000,TATACONSUM,OPT_CE,155000,20260224,Zero position & not in today refdata
OPT_RELIANCE_20260224_PE_183000,RELIANCE,OPT_PE,183000,20260224,Zero position & not in today refdata
OPT_RELIANCE_20260224_CE_195000,RELIANCE,OPT_CE,195000,20260224,Zero position & not in today refdata
OPT_ITC_20260224_PE_45750,ITC,OPT_PE,45750,20260224,Zero position & not in today refdata
OPT_JSWSTEEL_20260224_PE_85000,JSWSTEEL,OPT_PE,85000,20260224,Zero position & not in today refdata
OPT_INDUSINDBK_20260224_PE_121000,INDUSINDBK,OPT_PE,121000,20260224,Zero position & not in today refdata
OPT_MARUTI_20260224_PE_2280000,MARUTI,OPT_PE,2280000,20260224,Zero position & not in today refdata
OPT_TCS_20260224_PE_472000,TCS,OPT_PE,472000,20260224,Zero position & not in today refdata
OPT_MARUTI_20260224_PE_2090000,MARUTI,OPT_PE,2090000,20260224,Zero position & not in today refdata
OPT_ASIANPAINT_20260224_CE_396000,ASIANPAINT,OPT_CE,396000,20260224,Zero position & not in today refdata
OPT_HEROMOTOCO_20260224_CE_870000,HEROMOTOCO,OPT_CE,870000,20260224,Zero position & not in today refdata
OPT_ASIANPAINT_20260224_CE_354000,ASIANPAINT,OPT_CE,354000,20260224,Zero position & not in today refdata
OPT_HINDALCO_20260224_PE_62000,HINDALCO,OPT_PE,62000,20260224,Zero position & not in today refdata
OPT_ULTRACEMCO_20260224_CE_640000,ULTRACEMCO,OPT_CE,640000,20260224,Zero position & not in today refdata
OPT_WIPRO_20260224_CE_19900,WIPRO,OPT_CE,19900,20260224,Zero position & not in today refdata
OPT_HDFCBANK_20260224_PE_132000,HDFCBANK,OPT_PE,132000,20260224,Zero position & not in today refdata
OPT_TITAN_20260224_CE_548000,TITAN,OPT_CE,548000,20260224,Zero position & not in today refdata
OPT_KOTAKBANK_20260224_PE_46400,KOTAKBANK,OPT_PE,46400,20260224,Zero position & not in today refdata
OPT_POWERGRID_20260224_CE_17250,POWERGRID,OPT_CE,17250,20260224,Zero position & not in today refdata
OPT_SUNPHARMA_20260224_PE_246000,SUNPHARMA,OPT_PE,246000,20260224,Zero position & not in today refdata
OPT_JIOFIN_20260224_PE_41000,JIOFIN,OPT_PE,41000,20260224,Zero position & not in today refdata
OPT_CIPLA_20260224_CE_179000,CIPLA,OPT_CE,179000,20260224,Zero position & not in today refdata
OPT_ULTRACEMCO_20260224_PE_830000,ULTRACEMCO,OPT_PE,830000,20260224,Zero position & not in today refdata
OPT_SBIN_20260224_CE_62000,SBIN,OPT_CE,62000,20260224,Zero position & not in today refdata
OPT_RELIANCE_20260224_PE_214000,RELIANCE,OPT_PE,214000,20260224,Zero position & not in today refdata
OPT_LT_20260224_PE_306000,LT,OPT_PE,306000,20260224,Zero position & not in today refdata
OPT_WIPRO_20260224_CE_29900,WIPRO,OPT_CE,29900,20260224,Zero position & not in today refdata
OPT_ONGC_20260224_CE_19900,ONGC,OPT_CE,19900,20260224,Zero position & not in today refdata
OPT_TATASTEEL_20260224_PE_15300,TATASTEEL,OPT_PE,15300,20260224,Zero position & not in today refdata
OPT_COALINDIA_20260224_PE_31750,COALINDIA,OPT_PE,31750,20260224,Zero position & not in today refdata
OPT_CIPLA_20260224_PE_220000,CIPLA,OPT_PE,220000,20260224,Zero position & not in today refdata
OPT_ADANIENT_20260224_CE_328000,ADANIENT,OPT_CE,328000,20260224,Zero position & not in today refdata
OPT_ITC_20260224_PE_42750,ITC,OPT_PE,42750,20260224,Zero position & not in today refdata
OPT_HDFCBANK_20260224_PE_113500,HDFCBANK,OPT_PE,113500,20260224,Zero position & not in today refdata
OPT_ADANIENT_20260224_PE_328000,ADANIENT,OPT_PE,328000,20260224,Zero position & not in today refdata
OPT_ASIANPAINT_20260224_PE_396000,ASIANPAINT,OPT_PE,396000,20260224,Zero position & not in today refdata
OPT_LT_20260224_CE_560000,LT,OPT_CE,560000,20260224,Zero position & not in today refdata
OPT_ITC_20260224_CE_51500,ITC,OPT_CE,51500,20260224,Zero position & not in today refdata
OPT_TITAN_20260224_CE_556000,TITAN,OPT_CE,556000,20260224,Zero position & not in today refdata
OPT_HDFCBANK_20260224_PE_136000,HDFCBANK,OPT_PE,136000,20260224,Zero position & not in today refdata
OPT_DRREDDY_20260224_CE_56000,DRREDDY,OPT_CE,56000,20260224,Zero position & not in today refdata
OPT_JSWSTEEL_20260224_CE_83000,JSWSTEEL,OPT_CE,83000,20260224,Zero position & not in today refdata
OPT_TECHM_20260224_CE_126000,TECHM,OPT_CE,126000,20260224,Zero position & not in today refdata
OPT_BAJAJFINSV_20260224_PE_96000,BAJAJFINSV,OPT_PE,96000,20260224,Zero position & not in today refdata
OPT_ONGC_20260224_CE_20900,ONGC,OPT_CE,20900,20260224,Zero position & not in today refdata
OPT_JSWSTEEL_20260224_PE_83000,JSWSTEEL,OPT_PE,83000,20260224,Zero position & not in today refdata
OPT_EICHERMOT_20260224_PE_1070000,EICHERMOT,OPT_PE,1070000,20260224,Zero position & not in today refdata
OPT_ETERNAL_20260224_PE_11000,ETERNAL,OPT_PE,11000,20260224,Zero position & not in today refdata
OPT_POWERGRID_20260224_CE_39000,POWERGRID,OPT_CE,39000,20260224,Zero position & not in today refdata
OPT_COALINDIA_20260224_CE_32750,COALINDIA,OPT_CE,32750,20260224,Zero position & not in today refdata
OPT_ADANIENT_20260224_CE_270000,ADANIENT,OPT_CE,270000,20260224,Zero position & not in today refdata
OPT_LT_20260224_CE_540000,LT,OPT_CE,540000,20260224,Zero position & not in today refdata
OPT_MARUTI_20260224_CE_2380000,MARUTI,OPT_CE,2380000,20260224,Zero position & not in today refdata
OPT_ONGC_20260224_PE_20100,ONGC,OPT_PE,20100,20260224,Zero position & not in today refdata
OPT_ADANIPORTS_20260224_CE_216000,ADANIPORTS,OPT_CE,216000,20260224,Zero position & not in today refdata
OPT_ONGC_20260224_CE_21300,ONGC,OPT_CE,21300,20260224,Zero position & not in today refdata
OPT_KOTAKBANK_20260224_CE_31750,KOTAKBANK,OPT_CE,31750,20260224,Zero position & not in today refdata
OPT_GRASIM_20260224_PE_202000,GRASIM,OPT_PE,202000,20260224,Zero position & not in today refdata
OPT_RELIANCE_20260224_PE_189000,RELIANCE,OPT_PE,189000,20260224,Zero position & not in today refdata
OPT_TITAN_20260224_CE_494000,TITAN,OPT_CE,494000,20260224,Zero position & not in today refdata
OPT_BHARTIARTL_20260224_CE_300000,BHARTIARTL,OPT_CE,300000,20260224,Zero position & not in today refdata
OPT_ETERNAL_20260224_CE_45000,ETERNAL,OPT_CE,45000,20260224,Zero position & not in today refdata
OPT_HCLTECH_20260224_PE_122000,HCLTECH,OPT_PE,122000,20260224,Zero position & not in today refdata
OPT_ITC_20260224_PE_54000,ITC,OPT_PE,54000,20260224,Zero position & not in today refdata
OPT_ONGC_20260224_PE_18000,ONGC,OPT_PE,18000,20260224,Zero position & not in today refdata
OPT_LT_20260224_PE_454000,LT,OPT_PE,454000,20260224,Zero position & not in today refdata
OPT_ONGC_20260224_PE_21500,ONGC,OPT_PE,21500,20260224,Zero position & not in today refdata
OPT_DRREDDY_20260224_PE_58000,DRREDDY,OPT_PE,58000,20260224,Zero position & not in today refdata
OPT_MARUTI_20260224_PE_1950000,MARUTI,OPT_PE,1950000,20260224,Zero position & not in today refdata
OPT_SHRIRAMFIN_20260224_PE_62000,SHRIRAMFIN,OPT_PE,62000,20260224,Zero position & not in today refdata
OPT_ICICIBANK_20260224_CE_204000,ICICIBANK,OPT_CE,204000,20260224,Zero position & not in today refdata
OPT_CIPLA_20260224_PE_208000,CIPLA,OPT_PE,208000,20260224,Zero position & not in today refdata
OPT_HINDALCO_20260224_PE_69000,HINDALCO,OPT_PE,69000,20260224,Zero position & not in today refdata
OPT_HEROMOTOCO_20260224_PE_765000,HEROMOTOCO,OPT_PE,765000,20260224,Zero position & not in today refdata
OPT_ULTRACEMCO_20260224_CE_910000,ULTRACEMCO,OPT_CE,910000,20260224,Zero position & not in today refdata
OPT_APOLLOHOSP_20260224_CE_1060000,APOLLOHOSP,OPT_CE,1060000,20260224,Zero position & not in today refdata
OPT_ITC_20260224_PE_56500,ITC,OPT_PE,56500,20260224,Zero position & not in today refdata
OPT_HEROMOTOCO_20260224_PE_755000,HEROMOTOCO,OPT_PE,755000,20260224,Zero position & not in today refdata
OPT_BEL_20260224_CE_22000,BEL,OPT_CE,22000,20260224,Zero position & not in today refdata
OPT_RELIANCE_20260224_CE_193000,RELIANCE,OPT_CE,193000,20260224,Zero position & not in today refdata
OPT_HEROMOTOCO_20260224_PE_270000,HEROMOTOCO,OPT_PE,270000,20260224,Zero position & not in today refdata
OPT_CIPLA_20260224_PE_218000,CIPLA,OPT_PE,218000,20260224,Zero position & not in today refdata
OPT_BAJFINANCE_20260224_PE_146000,BAJFINANCE,OPT_PE,146000,20260224,Zero position & not in today refdata
OPT_GRASIM_20260224_CE_148000,GRASIM,OPT_CE,148000,20260224,Zero position & not in today refdata
OPT_ADANIENT_20260224_CE_80000,ADANIENT,OPT_CE,80000,20260224,Zero position & not in today refdata
OPT_GRASIM_20260224_PE_148000,GRASIM,OPT_PE,148000,20260224,Zero position & not in today refdata
OPT_ETERNAL_20260224_CE_43000,ETERNAL,OPT_CE,43000,20260224,Zero position & not in today refdata
OPT_GRASIM_20260224_PE_206000,GRASIM,OPT_PE,206000,20260224,Zero position & not in today refdata
OPT_LT_20260224_CE_232000,LT,OPT_CE,232000,20260224,Zero position & not in today refdata
OPT_INDUSINDBK_20260224_PE_52000,INDUSINDBK,OPT_PE,52000,20260224,Zero position & not in today refdata
OPT_ASIANPAINT_20260224_PE_358000,ASIANPAINT,OPT_PE,358000,20260224,Zero position & not in today refdata
OPT_JIOFIN_20260224_CE_40500,JIOFIN,OPT_CE,40500,20260224,Zero position & not in today refdata
OPT_TITAN_20260224_PE_478000,TITAN,OPT_PE,478000,20260224,Zero position & not in today refdata
OPT_INFY_20260224_PE_88000,INFY,OPT_PE,88000,20260224,Zero position & not in today refdata
OPT_TRENT_20260224_PE_255000,TRENT,OPT_PE,255000,20260224,Zero position & not in today refdata
OPT_HINDALCO_20260224_PE_60000,HINDALCO,OPT_PE,60000,20260224,Zero position & not in today refdata
OPT_KOTAKBANK_20260224_PE_50750,KOTAKBANK,OPT_PE,50750,20260224,Zero position & not in today refdata
OPT_TCS_20260224_PE_468000,TCS,OPT_PE,468000,20260224,Zero position & not in today refdata
OPT_HEROMOTOCO_20260224_PE_870000,HEROMOTOCO,OPT_PE,870000,20260224,Zero position & not in today refdata
OPT_TRENT_20260224_PE_515000,TRENT,OPT_PE,515000,20260224,Zero position & not in today refdata
OPT_ETERNAL_20260224_CE_11000,ETERNAL,OPT_CE,11000,20260224,Zero position & not in today refdata
OPT_RELIANCE_20260224_CE_183000,RELIANCE,OPT_CE,183000,20260224,Zero position & not in today refdata
OPT_TATASTEEL_20260224_CE_11800,TATASTEEL,OPT_CE,11800,20260224,Zero position & not in today refdata
OPT_DRREDDY_20260224_CE_163000,DRREDDY,OPT_CE,163000,20260224,Zero position & not in today refdata
OPT_LT_20260224_PE_556000,LT,OPT_PE,556000,20260224,Zero position & not in today refdata
OPT_ITC_20260224_PE_55500,ITC,OPT_PE,55500,20260224,Zero position & not in today refdata
OPT_COALINDIA_20260224_CE_25000,COALINDIA,OPT_CE,25000,20260224,Zero position & not in today refdata
OPT_ULTRACEMCO_20260224_CE_680000,ULTRACEMCO,OPT_CE,680000,20260224,Zero position & not in today refdata
OPT_ITC_20260224_CE_45250,ITC,OPT_CE,45250,20260224,Zero position & not in today refdata
OPT_MARUTI_20260224_PE_1930000,MARUTI,OPT_PE,1930000,20260224,Zero position & not in today refdata
OPT_TRENT_20260224_PE_580000,TRENT,OPT_PE,580000,20260224,Zero position & not in today refdata
OPT_TITAN_20260224_PE_560000,TITAN,OPT_PE,560000,20260224,Zero position & not in today refdata
OPT_ADANIPORTS_20260224_PE_216000,ADANIPORTS,OPT_PE,216000,20260224,Zero position & not in today refdata
OPT_BEL_20260224_PE_31500,BEL,OPT_PE,31500,20260224,Zero position & not in today refdata
OPT_NTPC_20260224_CE_18000,NTPC,OPT_CE,18000,20260224,Zero position & not in today refdata
OPT_ULTRACEMCO_20260224_PE_680000,ULTRACEMCO,OPT_PE,680000,20260224,Zero position & not in today refdata
OPT_BAJFINANCE_20260224_CE_125000,BAJFINANCE,OPT_CE,125000,20260224,Zero position & not in today refdata
OPT_NESTLEIND_20260224_CE_186000,NESTLEIND,OPT_CE,186000,20260224,Zero position & not in today refdata
OPT_NESTLEIND_20260224_CE_74000,NESTLEIND,OPT_CE,74000,20260224,Zero position & not in today refdata
OPT_HINDALCO_20260224_PE_54000,HINDALCO,OPT_PE,54000,20260224,Zero position & not in today refdata
OPT_TECHM_20260224_CE_88000,TECHM,OPT_CE,88000,20260224,Zero position & not in today refdata
OPT_ASIANPAINT_20260224_PE_362000,ASIANPAINT,OPT_PE,362000,20260224,Zero position & not in today refdata
OPT_TCS_20260224_CE_402000,TCS,OPT_CE,402000,20260224,Zero position & not in today refdata
OPT_LT_20260224_PE_548000,LT,OPT_PE,548000,20260224,Zero position & not in today refdata
OPT_DRREDDY_20260224_PE_188000,DRREDDY,OPT_PE,188000,20260224,Zero position & not in today refdata
OPT_HDFCLIFE_20260224_CE_114000,HDFCLIFE,OPT_CE,114000,20260224,Zero position & not in today refdata
OPT_MARUTI_20260224_PE_1970000,MARUTI,OPT_PE,1970000,20260224,Zero position & not in today refdata
OPT_TATASTEEL_20260224_CE_14900,TATASTEEL,OPT_CE,14900,20260224,Zero position & not in today refdata
OPT_HINDUNILVR_20260224_CE_314000,HINDUNILVR,OPT_CE,314000,20260224,Zero position & not in today refdata
OPT_HCLTECH_20260224_CE_92000,HCLTECH,OPT_CE,92000,20260224,Zero position & not in today refdata
OPT_BAJAJ-AUTO_20260224_PE_1230000,BAJAJ-AUTO,OPT_PE,1230000,20260224,Zero position & not in today refdata
OPT_COALINDIA_20260224_PE_23500,COALINDIA,OPT_PE,23500,20260224,Zero position & not in today refdata
OPT_CIPLA_20260224_CE_212000,CIPLA,OPT_CE,212000,20260224,Zero position & not in today refdata
OPT_TATASTEEL_20260224_PE_15100,TATASTEEL,OPT_PE,15100,20260224,Zero position & not in today refdata
OPT_MARUTI_20260224_PE_2340000,MARUTI,OPT_PE,2340000,20260224,Zero position & not in today refdata
OPT_AXISBANK_20260224_CE_91000,AXISBANK,OPT_CE,91000,20260224,Zero position & not in today refdata
OPT_ADANIPORTS_20260224_PE_190000,ADANIPORTS,OPT_PE,190000,20260224,Zero position & not in today refdata
OPT_HDFCBANK_20260224_PE_112500,HDFCBANK,OPT_PE,112500,20260224,Zero position & not in today refdata
OPT_SBILIFE_20260224_PE_270000,SBILIFE,OPT_PE,270000,20260224,Zero position & not in today refdata
OPT_ITC_20260224_PE_50500,ITC,OPT_PE,50500,20260224,Zero position & not in today refdata
OPT_NTPC_20260224_PE_24750,NTPC,OPT_PE,24750,20260224,Zero position & not in today refdata
OPT_KOTAKBANK_20260224_PE_50400,KOTAKBANK,OPT_PE,50400,20260224,Zero position & not in today refdata
OPT_SBIN_20260224_CE_68000,SBIN,OPT_CE,68000,20260224,Zero position & not in today refdata
OPT_HCLTECH_20260224_PE_118000,HCLTECH,OPT_PE,118000,20260224,Zero position & not in today refdata
OPT_SBIN_20260224_CE_84500,SBIN,OPT_CE,84500,20260224,Zero position & not in today refdata
OPT_SHRIRAMFIN_20260224_PE_71000,SHRIRAMFIN,OPT_PE,71000,20260224,Zero position & not in today refdata
OPT_ICICIBANK_20260224_PE_204000,ICICIBANK,OPT_PE,204000,20260224,Zero position & not in today refdata
OPT_NTPC_20260224_PE_25250,NTPC,OPT_PE,25250,20260224,Zero position & not in today refdata
OPT_RELIANCE_20260224_PE_222000,RELIANCE,OPT_PE,222000,20260224,Zero position & not in today refdata
OPT_RELIANCE_20260224_CE_214000,RELIANCE,OPT_CE,214000,20260224,Zero position & not in today refdata
OPT_HDFCBANK_20260224_PE_116500,HDFCBANK,OPT_PE,116500,20260224,Zero position & not in today refdata
OPT_TATASTEEL_20260224_PE_10800,TATASTEEL,OPT_PE,10800,20260224,Zero position & not in today refdata
OPT_WIPRO_20260224_PE_27150,WIPRO,OPT_PE,27150,20260224,Zero position & not in today refdata
OPT_ITC_20260224_PE_57000,ITC,OPT_PE,57000,20260224,Zero position & not in today refdata
OPT_ONGC_20260224_CE_23100,ONGC,OPT_CE,23100,20260224,Zero position & not in today refdata
OPT_RELIANCE_20260224_CE_103000,RELIANCE,OPT_CE,103000,20260224,Zero position & not in today refdata
OPT_GRASIM_20260224_CE_420000,GRASIM,OPT_CE,420000,20260224,Zero position & not in today refdata
OPT_SUNPHARMA_20260224_PE_242000,SUNPHARMA,OPT_PE,242000,20260224,Zero position & not in today refdata
OPT_HCLTECH_20260224_CE_122000,HCLTECH,OPT_CE,122000,20260224,Zero position & not in today refdata
OPT_ONGC_20260224_CE_19500,ONGC,OPT_CE,19500,20260224,Zero position & not in today refdata
OPT_CIPLA_20260224_PE_212000,CIPLA,OPT_PE,212000,20260224,Zero position & not in today refdata
OPT_COALINDIA_20260224_PE_31250,COALINDIA,OPT_PE,31250,20260224,Zero position & not in today refdata
OPT_SBIN_20260224_CE_64000,SBIN,OPT_CE,64000,20260224,Zero position & not in today refdata
OPT_DRREDDY_20260224_PE_81000,DRREDDY,OPT_PE,81000,20260224,Zero position & not in today refdata
OPT_COALINDIA_20260224_PE_33250,COALINDIA,OPT_PE,33250,20260224,Zero position & not in today refdata
OPT_LT_20260224_PE_528000,LT,OPT_PE,528000,20260224,Zero position & not in today refdata
OPT_ONGC_20260224_CE_18000,ONGC,OPT_CE,18000,20260224,Zero position & not in today refdata
OPT_TRENT_20260224_PE_200000,TRENT,OPT_PE,200000,20260224,Zero position & not in today refdata
OPT_ONGC_20260224_CE_22900,ONGC,OPT_CE,22900,20260224,Zero position & not in today refdata
OPT_RELIANCE_20260224_PE_193000,RELIANCE,OPT_PE,193000,20260224,Zero position & not in today refdata
OPT_TITAN_20260224_CE_482000,TITAN,OPT_CE,482000,20260224,Zero position & not in today refdata
OPT_POWERGRID_20260224_CE_38500,POWERGRID,OPT_CE,38500,20260224,Zero position & not in today refdata
OPT_ITC_20260224_PE_58500,ITC,OPT_PE,58500,20260224,Zero position & not in today refdata
OPT_ONGC_20260224_PE_19500,ONGC,OPT_PE,19500,20260224,Zero position & not in today refdata
OPT_TATACONSUM_20260224_PE_172000,TATACONSUM,OPT_PE,172000,20260224,Zero position & not in today refdata
OPT_HDFCBANK_20260224_PE_131000,HDFCBANK,OPT_PE,131000,20260224,Zero position & not in today refdata
OPT_HDFCBANK_20260224_CE_135000,HDFCBANK,OPT_CE,135000,20260224,Zero position & not in today refdata
OPT_HEROMOTOCO_20260224_PE_365000,HEROMOTOCO,OPT_PE,365000,20260224,Zero position & not in today refdata
OPT_HDFCBANK_20260224_CE_130000,HDFCBANK,OPT_CE,130000,20260224,Zero position & not in today refdata
OPT_TCS_20260224_PE_168000,TCS,OPT_PE,168000,20260224,Zero position & not in today refdata
OPT_RELIANCE_20260224_PE_103000,RELIANCE,OPT_PE,103000,20260224,Zero position & not in today refdata
OPT_SUNPHARMA_20260224_PE_199000,SUNPHARMA,OPT_PE,199000,20260224,Zero position & not in today refdata
OPT_TECHM_20260224_PE_110000,TECHM,OPT_PE,110000,20260224,Zero position & not in today refdata
OPT_KOTAKBANK_20260224_PE_31750,KOTAKBANK,OPT_PE,31750,20260224,Zero position & not in today refdata
OPT_ASIANPAINT_20260224_CE_392000,ASIANPAINT,OPT_CE,392000,20260224,Zero position & not in today refdata
OPT_ADANIPORTS_20260224_PE_60000,ADANIPORTS,OPT_PE,60000,20260224,Zero position & not in today refdata
OPT_ONGC_20260224_PE_18200,ONGC,OPT_PE,18200,20260224,Zero position & not in today refdata
OPT_TATASTEEL_20260224_PE_14300,TATASTEEL,OPT_PE,14300,20260224,Zero position & not in today refdata
OPT_BEL_20260224_PE_32500,BEL,OPT_PE,32500,20260224,Zero position & not in today refdata
OPT_ADANIENT_20260224_PE_294000,ADANIENT,OPT_PE,294000,20260224,Zero position & not in today refdata
OPT_ITC_20260224_PE_57500,ITC,OPT_PE,57500,20260224,Zero position & not in today refdata
OPT_SUNPHARMA_20260224_PE_207000,SUNPHARMA,OPT_PE,207000,20260224,Zero position & not in today refdata
OPT_COALINDIA_20260224_PE_24000,COALINDIA,OPT_PE,24000,20260224,Zero position & not in today refdata
OPT_SBIN_20260224_CE_87500,SBIN,OPT_CE,87500,20260224,Zero position & not in today refdata
OPT_ITC_20260224_CE_43750,ITC,OPT_CE,43750,20260224,Zero position & not in today refdata
OPT_TATASTEEL_20260224_CE_15500,TATASTEEL,OPT_CE,15500,20260224,Zero position & not in today refdata
OPT_ETERNAL_20260224_CE_10000,ETERNAL,OPT_CE,10000,20260224,Zero position & not in today refdata
OPT_TRENT_20260224_CE_525000,TRENT,OPT_CE,525000,20260224,Zero position & not in today refdata
OPT_SUNPHARMA_20260224_PE_250000,SUNPHARMA,OPT_PE,250000,20260224,Zero position & not in today refdata
OPT_LT_20260224_PE_474000,LT,OPT_PE,474000,20260224,Zero position & not in today refdata
OPT_ULTRACEMCO_20260224_CE_830000,ULTRACEMCO,OPT_CE,830000,20260224,Zero position & not in today refdata
OPT_APOLLOHOSP_20260224_PE_925000,APOLLOHOSP,OPT_PE,925000,20260224,Zero position & not in today refdata
OPT_ICICIBANK_20260224_PE_74000,ICICIBANK,OPT_PE,74000,20260224,Zero position & not in today refdata
OPT_TCS_20260224_CE_394000,TCS,OPT_CE,394000,20260224,Zero position & not in today refdata
OPT_RELIANCE_20260224_CE_220000,RELIANCE,OPT_CE,220000,20260224,Zero position & not in today refdata
OPT_TECHM_20260224_PE_114000,TECHM,OPT_PE,114000,20260224,Zero position & not in today refdata
OPT_KOTAKBANK_20260224_PE_60500,KOTAKBANK,OPT_PE,60500,20260224,Zero position & not in today refdata
OPT_GRASIM_20260224_PE_144000,GRASIM,OPT_PE,144000,20260224,Zero position & not in today refdata
OPT_ITC_20260224_CE_49250,ITC,OPT_CE,49250,20260224,Zero position & not in today refdata
OPT_SBIN_20260224_CE_67000,SBIN,OPT_CE,67000,20260224,Zero position & not in today refdata
OPT_ADANIENT_20260224_PE_282000,ADANIENT,OPT_PE,282000,20260224,Zero position & not in today refdata
OPT_HEROMOTOCO_20260224_CE_840000,HEROMOTOCO,OPT_CE,840000,20260224,Zero position & not in today refdata
OPT_APOLLOHOSP_20260224_CE_915000,APOLLOHOSP,OPT_CE,915000,20260224,Zero position & not in today refdata
OPT_BAJAJFINSV_20260224_CE_300000,BAJAJFINSV,OPT_CE,300000,20260224,Zero position & not in today refdata
OPT_INDUSINDBK_20260224_CE_130000,INDUSINDBK,OPT_CE,130000,20260224,Zero position & not in today refdata
OPT_TITAN_20260224_PE_482000,TITAN,OPT_PE,482000,20260224,Zero position & not in today refdata
OPT_ITC_20260224_CE_53500,ITC,OPT_CE,53500,20260224,Zero position & not in today refdata
OPT_COALINDIA_20260224_PE_26000,COALINDIA,OPT_PE,26000,20260224,Zero position & not in today refdata
OPT_ADANIENT_20260224_CE_320000,ADANIENT,OPT_CE,320000,20260224,Zero position & not in today refdata
OPT_ONGC_20260224_CE_21700,ONGC,OPT_CE,21700,20260224,Zero position & not in today refdata
OPT_JIOFIN_20260224_CE_38250,JIOFIN,OPT_CE,38250,20260224,Zero position & not in today refdata
OPT_ITC_20260224_PE_52500,ITC,OPT_PE,52500,20260224,Zero position & not in today refdata
OPT_SUNPHARMA_20260224_CE_236000,SUNPHARMA,OPT_CE,236000,20260224,Zero position & not in today refdata
OPT_SBIN_20260224_PE_84500,SBIN,OPT_PE,84500,20260224,Zero position & not in today refdata
OPT_TITAN_20260224_PE_556000,TITAN,OPT_PE,556000,20260224,Zero position & not in today refdata
OPT_M&M_20260224_PE_485000,M&M,OPT_PE,485000,20260224,Zero position & not in today refdata
OPT_TECHM_20260224_PE_100000,TECHM,OPT_PE,100000,20260224,Zero position & not in today refdata
OPT_ASIANPAINT_20260224_PE_346000,ASIANPAINT,OPT_PE,346000,20260224,Zero position & not in today refdata
OPT_APOLLOHOSP_20260224_CE_875000,APOLLOHOSP,OPT_CE,875000,20260224,Zero position & not in today refdata
OPT_SHRIRAMFIN_20260224_CE_64000,SHRIRAMFIN,OPT_CE,64000,20260224,Zero position & not in today refdata
OPT_ICICIBANK_20260224_PE_198000,ICICIBANK,OPT_PE,198000,20260224,Zero position & not in today refdata
OPT_ADANIPORTS_20260224_PE_220000,ADANIPORTS,OPT_PE,220000,20260224,Zero position & not in today refdata
OPT_ITC_20260224_PE_43750,ITC,OPT_PE,43750,20260224,Zero position & not in today refdata
OPT_ITC_20260224_PE_42250,ITC,OPT_PE,42250,20260224,Zero position & not in today refdata
OPT_JIOFIN_20260224_PE_38750,JIOFIN,OPT_PE,38750,20260224,Zero position & not in today refdata
OPT_ONGC_20260224_CE_18200,ONGC,OPT_CE,18200,20260224,Zero position & not in today refdata
OPT_ASIANPAINT_20260224_PE_342000,ASIANPAINT,OPT_PE,342000,20260224,Zero position & not in today refdata
OPT_TRENT_20260224_PE_610000,TRENT,OPT_PE,610000,20260224,Zero position & not in today refdata
OPT_TATASTEEL_20260224_PE_11600,TATASTEEL,OPT_PE,11600,20260224,Zero position & not in today refdata
OPT_APOLLOHOSP_20260224_PE_915000,APOLLOHOSP,OPT_PE,915000,20260224,Zero position & not in today refdata
OPT_CIPLA_20260224_CE_204000,CIPLA,OPT_CE,204000,20260224,Zero position & not in today refdata
OPT_ITC_20260224_CE_51000,ITC,OPT_CE,51000,20260224,Zero position & not in today refdata
OPT_ITC_20260224_CE_53000,ITC,OPT_CE,53000,20260224,Zero position & not in today refdata
OPT_MARUTI_20260224_PE_2260000,MARUTI,OPT_PE,2260000,20260224,Zero position & not in today refdata
OPT_EICHERMOT_20260224_PE_895000,EICHERMOT,OPT_PE,895000,20260224,Zero position & not in today refdata
OPT_DRREDDY_20260224_CE_184000,DRREDDY,OPT_CE,184000,20260224,Zero position & not in today refdata
OPT_BHARTIARTL_20260224_PE_296000,BHARTIARTL,OPT_PE,296000,20260224,Zero position & not in today refdata
OPT_HDFCBANK_20260224_PE_114500,HDFCBANK,OPT_PE,114500,20260224,Zero position & not in today refdata
OPT_M&M_20260224_CE_510000,M&M,OPT_CE,510000,20260224,Zero position & not in today refdata
OPT_TITAN_20260224_CE_490000,TITAN,OPT_CE,490000,20260224,Zero position & not in today refdata
OPT_BAJAJ-AUTO_20260224_CE_1380000,BAJAJ-AUTO,OPT_CE,1380000,20260224,Zero position & not in today refdata
OPT_SUNPHARMA_20260224_CE_238000,SUNPHARMA,OPT_CE,238000,20260224,Zero position & not in today refdata
OPT_ONGC_20260224_CE_18400,ONGC,OPT_CE,18400,20260224,Zero position & not in today refdata
OPT_CIPLA_20260224_CE_171000,CIPLA,OPT_CE,171000,20260224,Zero position & not in today refdata
OPT_LT_20260224_CE_458000,LT,OPT_CE,458000,20260224,Zero position & not in today refdata
OPT_JIOFIN_20260224_CE_35750,JIOFIN,OPT_CE,35750,20260224,Zero position & not in today refdata
OPT_APOLLOHOSP_20260224_CE_885000,APOLLOHOSP,OPT_CE,885000,20260224,Zero position & not in today refdata
OPT_ITC_20260224_PE_53000,ITC,OPT_PE,53000,20260224,Zero position & not in today refdata
OPT_ONGC_20260224_CE_20100,ONGC,OPT_CE,20100,20260224,Zero position & not in today refdata
OPT_EICHERMOT_20260224_PE_370000,EICHERMOT,OPT_PE,370000,20260224,Zero position & not in today refdata
OPT_ASIANPAINT_20260224_PE_400000,ASIANPAINT,OPT_PE,400000,20260224,Zero position & not in today refdata
OPT_SBIN_20260224_PE_64000,SBIN,OPT_PE,64000,20260224,Zero position & not in today refdata
OPT_SUNPHARMA_20260224_CE_246000,SUNPHARMA,OPT_CE,246000,20260224,Zero position & not in today refdata
OPT_BEL_20260224_PE_23000,BEL,OPT_PE,23000,20260224,Zero position & not in today refdata
OPT_SUNPHARMA_20260224_CE_250000,SUNPHARMA,OPT_CE,250000,20260224,Zero position & not in today refdata
OPT_ITC_20260224_CE_45750,ITC,OPT_CE,45750,20260224,Zero position & not in today refdata
OPT_NTPC_20260224_PE_44250,NTPC,OPT_PE,44250,20260224,Zero position & not in today refdata
OPT_SBIN_20260224_PE_65000,SBIN,OPT_PE,65000,20260224,Zero position & not in today refdata
OPT_EICHERMOT_20260224_CE_895000,EICHERMOT,OPT_CE,895000,20260224,Zero position & not in today refdata
OPT_MARUTI_20260224_CE_2320000,MARUTI,OPT_CE,2320000,20260224,Zero position & not in today refdata
OPT_TATASTEEL_20260224_PE_14900,TATASTEEL,OPT_PE,14900,20260224,Zero position & not in today refdata
OPT_SBIN_20260224_PE_86500,SBIN,OPT_PE,86500,20260224,Zero position & not in today refdata
OPT_GRASIM_20260224_PE_358000,GRASIM,OPT_PE,358000,20260224,Zero position & not in today refdata
OPT_SBIN_20260224_PE_87500,SBIN,OPT_PE,87500,20260224,Zero position & not in today refdata
OPT_COALINDIA_20260224_CE_31750,COALINDIA,OPT_CE,31750,20260224,Zero position & not in today refdata
OPT_CIPLA_20260224_PE_206000,CIPLA,OPT_PE,206000,20260224,Zero position & not in today refdata
OPT_POWERGRID_20260224_PE_39000,POWERGRID,OPT_PE,39000,20260224,Zero position & not in today refdata
OPT_MARUTI_20260224_CE_1870000,MARUTI,OPT_CE,1870000,20260224,Zero position & not in today refdata
OPT_LT_20260224_CE_528000,LT,OPT_CE,528000,20260224,Zero position & not in today refdata
OPT_CIPLA_20260224_PE_216000,CIPLA,OPT_PE,216000,20260224,Zero position & not in today refdata
OPT_TATACONSUM_20260224_CE_172000,TATACONSUM,OPT_CE,172000,20260224,Zero position & not in today refdata
OPT_JIOFIN_20260224_CE_37250,JIOFIN,OPT_CE,37250,20260224,Zero position & not in today refdata
OPT_RELIANCE_20260224_CE_181000,RELIANCE,OPT_CE,181000,20260224,Zero position & not in today refdata
OPT_ASIANPAINT_20260224_PE_326000,ASIANPAINT,OPT_PE,326000,20260224,Zero position & not in today refdata
OPT_GRASIM_20260224_PE_210000,GRASIM,OPT_PE,210000,20260224,Zero position & not in today refdata
OPT_INDUSINDBK_20260224_CE_52000,INDUSINDBK,OPT_CE,52000,20260224,Zero position & not in today refdata
OPT_ONGC_20260224_CE_16800,ONGC,OPT_CE,16800,20260224,Zero position & not in today refdata
OPT_EICHERMOT_20260224_PE_905000,EICHERMOT,OPT_PE,905000,20260224,Zero position & not in today refdata
OPT_INFY_20260224_CE_88000,INFY,OPT_CE,88000,20260224,Zero position & not in today refdata
OPT_MARUTI_20260224_CE_1890000,MARUTI,OPT_CE,1890000,20260224,Zero position & not in today refdata
OPT_SBIN_20260224_PE_81500,SBIN,OPT_PE,81500,20260224,Zero position & not in today refdata
OPT_LT_20260224_CE_556000,LT,OPT_CE,556000,20260224,Zero position & not in today refdata
OPT_TRENT_20260224_CE_620000,TRENT,OPT_CE,620000,20260224,Zero position & not in today refdata
OPT_NESTLEIND_20260224_CE_167000,NESTLEIND,OPT_CE,167000,20260224,Zero position & not in today refdata
OPT_TITAN_20260224_PE_544000,TITAN,OPT_PE,544000,20260224,Zero position & not in today refdata
OPT_AXISBANK_20260224_CE_95000,AXISBANK,OPT_CE,95000,20260224,Zero position & not in today refdata
OPT_HINDALCO_20260224_CE_67000,HINDALCO,OPT_CE,67000,20260224,Zero position & not in today refdata
OPT_COALINDIA_20260224_CE_32250,COALINDIA,OPT_CE,32250,20260224,Zero position & not in today refdata
OPT_BAJAJFINSV_20260224_PE_296000,BAJAJFINSV,OPT_PE,296000,20260224,Zero position & not in today refdata
OPT_RELIANCE_20260224_CE_228000,RELIANCE,OPT_CE,228000,20260224,Zero position & not in today refdata
OPT_TRENT_20260224_CE_200000,TRENT,OPT_CE,200000,20260224,Zero position & not in today refdata
OPT_HINDALCO_20260224_PE_58000,HINDALCO,OPT_PE,58000,20260224,Zero position & not in today refdata
OPT_SBIN_20260224_PE_83500,SBIN,OPT_PE,83500,20260224,Zero position & not in today refdata
OPT_BAJFINANCE_20260224_CE_61000,BAJFINANCE,OPT_CE,61000,20260224,Zero position & not in today refdata
OPT_DRREDDY_20260224_PE_60000,DRREDDY,OPT_PE,60000,20260224,Zero position & not in today refdata
OPT_ETERNAL_20260224_CE_38500,ETERNAL,OPT_CE,38500,20260224,Zero position & not in today refdata
OPT_TITAN_20260224_PE_548000,TITAN,OPT_PE,548000,20260224,Zero position & not in today refdata
OPT_AXISBANK_20260224_CE_66000,AXISBANK,OPT_CE,66000,20260224,Zero position & not in today refdata
OPT_ITC_20260224_PE_47750,ITC,OPT_PE,47750,20260224,Zero position & not in today refdata
OPT_APOLLOHOSP_20260224_PE_1070000,APOLLOHOSP,OPT_PE,1070000,20260224,Zero position & not in today refdata
OPT_HEROMOTOCO_20260224_PE_775000,HEROMOTOCO,OPT_PE,775000,20260224,Zero position & not in today refdata
OPT_APOLLOHOSP_20260224_PE_350000,APOLLOHOSP,OPT_PE,350000,20260224,Zero position & not in today refdata
OPT_KOTAKBANK_20260224_PE_44400,KOTAKBANK,OPT_PE,44400,20260224,Zero position & not in today refdata
OPT_ULTRACEMCO_20260224_PE_890000,ULTRACEMCO,OPT_PE,890000,20260224,Zero position & not in today refdata
OPT_CIPLA_20260224_CE_187000,CIPLA,OPT_CE,187000,20260224,Zero position & not in today refdata
OPT_HINDALCO_20260224_PE_71000,HINDALCO,OPT_PE,71000,20260224,Zero position & not in today refdata
OPT_ITC_20260224_PE_49250,ITC,OPT_PE,49250,20260224,Zero position & not in today refdata
OPT_TCS_20260224_CE_398000,TCS,OPT_CE,398000,20260224,Zero position & not in today refdata
OPT_POWERGRID_20260224_CE_35250,POWERGRID,OPT_CE,35250,20260224,Zero position & not in today refdata
OPT_TCS_20260224_CE_168000,TCS,OPT_CE,168000,20260224,Zero position & not in today refdata
OPT_JIOFIN_20260224_CE_39250,JIOFIN,OPT_CE,39250,20260224,Zero position & not in today refdata
OPT_SHRIRAMFIN_20260224_PE_64000,SHRIRAMFIN,OPT_PE,64000,20260224,Zero position & not in today refdata
OPT_TATASTEEL_20260224_PE_12000,TATASTEEL,OPT_PE,12000,20260224,Zero position & not in today refdata
OPT_LT_20260224_CE_552000,LT,OPT_CE,552000,20260224,Zero position & not in today refdata
OPT_INDUSINDBK_20260224_PE_61000,INDUSINDBK,OPT_PE,61000,20260224,Zero position & not in today refdata
OPT_GRASIM_20260224_CE_202000,GRASIM,OPT_CE,202000,20260224,Zero position & not in today refdata
OPT_BHARTIARTL_20260224_PE_258000,BHARTIARTL,OPT_PE,258000,20260224,Zero position & not in today refdata
OPT_LT_20260224_CE_470000,LT,OPT_CE,470000,20260224,Zero position & not in today refdata
OPT_TATACONSUM_20260224_CE_174000,TATACONSUM,OPT_CE,174000,20260224,Zero position & not in today refdata
OPT_ADANIENT_20260224_PE_84000,ADANIENT,OPT_PE,84000,20260224,Zero position & not in today refdata
OPT_COALINDIA_20260224_PE_33750,COALINDIA,OPT_PE,33750,20260224,Zero position & not in today refdata
OPT_MARUTI_20260224_PE_2030000,MARUTI,OPT_PE,2030000,20260224,Zero position & not in today refdata
OPT_TECHM_20260224_PE_126000,TECHM,OPT_PE,126000,20260224,Zero position & not in today refdata
OPT_ONGC_20260224_PE_19700,ONGC,OPT_PE,19700,20260224,Zero position & not in today refdata
OPT_BAJAJ-AUTO_20260224_CE_1230000,BAJAJ-AUTO,OPT_CE,1230000,20260224,Zero position & not in today refdata
OPT_DRREDDY_20260224_CE_58000,DRREDDY,OPT_CE,58000,20260224,Zero position & not in today refdata
OPT_HDFCLIFE_20260224_PE_99000,HDFCLIFE,OPT_PE,99000,20260224,Zero position & not in today refdata
OPT_INDUSINDBK_20260224_PE_128000,INDUSINDBK,OPT_PE,128000,20260224,Zero position & not in today refdata
OPT_TRENT_20260224_PE_545000,TRENT,OPT_PE,545000,20260224,Zero position & not in today refdata
OPT_ONGC_20260224_PE_17800,ONGC,OPT_PE,17800,20260224,Zero position & not in today refdata
OPT_BEL_20260224_CE_28500,BEL,OPT_CE,28500,20260224,Zero position & not in today refdata
OPT_HINDUNILVR_20260224_CE_348000,HINDUNILVR,OPT_CE,348000,20260224,Zero position & not in today refdata
OPT_CIPLA_20260224_PE_177000,CIPLA,OPT_PE,177000,20260224,Zero position & not in today refdata
OPT_MARUTI_20260224_CE_2340000,MARUTI,OPT_CE,2340000,20260224,Zero position & not in today refdata
OPT_INDUSINDBK_20260224_PE_50000,INDUSINDBK,OPT_PE,50000,20260224,Zero position & not in today refdata
OPT_MARUTI_20260224_CE_2090000,MARUTI,OPT_CE,2090000,20260224,Zero position & not in today refdata
OPT_EICHERMOT_20260224_PE_925000,EICHERMOT,OPT_PE,925000,20260224,Zero position & not in today refdata
OPT_TATASTEEL_20260224_CE_11200,TATASTEEL,OPT_CE,11200,20260224,Zero position & not in today refdata
OPT_RELIANCE_20260224_CE_222000,RELIANCE,OPT_CE,222000,20260224,Zero position & not in today refdata
OPT_DRREDDY_20260224_PE_56000,DRREDDY,OPT_PE,56000,20260224,Zero position & not in today refdata
OPT_HDFCBANK_20260224_CE_131000,HDFCBANK,OPT_CE,131000,20260224,Zero position & not in today refdata
OPT_TITAN_20260224_PE_494000,TITAN,OPT_PE,494000,20260224,Zero position & not in today refdata
OPT_HDFCLIFE_20260224_CE_112000,HDFCLIFE,OPT_CE,112000,20260224,Zero position & not in today refdata
OPT_APOLLOHOSP_20260224_CE_905000,APOLLOHOSP,OPT_CE,905000,20260224,Zero position & not in today refdata
OPT_RELIANCE_20260224_PE_224000,RELIANCE,OPT_PE,224000,20260224,Zero position & not in today refdata
OPT_ONGC_20260224_CE_19700,ONGC,OPT_CE,19700,20260224,Zero position & not in today refdata
OPT_TATASTEEL_20260224_PE_10600,TATASTEEL,OPT_PE,10600,20260224,Zero position & not in today refdata
OPT_JIOFIN_20260224_PE_37750,JIOFIN,OPT_PE,37750,20260224,Zero position & not in today refdata
OPT_TATACONSUM_20260224_PE_174000,TATACONSUM,OPT_PE,174000,20260224,Zero position & not in today refdata
OPT_EICHERMOT_20260224_PE_935000,EICHERMOT,OPT_PE,935000,20260224,Zero position & not in today refdata
OPT_JIOFIN_20260224_PE_35750,JIOFIN,OPT_PE,35750,20260224,Zero position & not in today refdata
OPT_ASIANPAINT_20260224_CE_384000,ASIANPAINT,OPT_CE,384000,20260224,Zero position & not in today refdata
OPT_SBIN_20260224_CE_65000,SBIN,OPT_CE,65000,20260224,Zero position & not in today refdata
OPT_ASIANPAINT_20260224_CE_408000,ASIANPAINT,OPT_CE,408000,20260224,Zero position & not in today refdata
OPT_MARUTI_20260224_PE_1990000,MARUTI,OPT_PE,1990000,20260224,Zero position & not in today refdata
OPT_ULTRACEMCO_20260224_CE_870000,ULTRACEMCO,OPT_CE,870000,20260224,Zero position & not in today refdata
OPT_ASIANPAINT_20260224_PE_380000,ASIANPAINT,OPT_PE,380000,20260224,Zero position & not in today refdata
OPT_ADANIPORTS_20260224_PE_194000,ADANIPORTS,OPT_PE,194000,20260224,Zero position & not in today refdata
OPT_HDFCBANK_20260224_CE_132000,HDFCBANK,OPT_CE,132000,20260224,Zero position & not in today refdata
OPT_SUNPHARMA_20260224_CE_213000,SUNPHARMA,OPT_CE,213000,20260224,Zero position & not in today refdata
OPT_TECHM_20260224_PE_84000,TECHM,OPT_PE,84000,20260224,Zero position & not in today refdata
OPT_MARUTI_20260224_CE_1910000,MARUTI,OPT_CE,1910000,20260224,Zero position & not in today refdata
OPT_ITC_20260224_PE_51000,ITC,OPT_PE,51000,20260224,Zero position & not in today refdata
OPT_M&M_20260224_CE_455000,M&M,OPT_CE,455000,20260224,Zero position & not in today refdata
OPT_BEL_20260224_PE_30500,BEL,OPT_PE,30500,20260224,Zero position & not in today refdata
OPT_APOLLOHOSP_20260224_CE_505000,APOLLOHOSP,OPT_CE,505000,20260224,Zero position & not in today refdata
OPT_TATACONSUM_20260224_CE_170000,TATACONSUM,OPT_CE,170000,20260224,Zero position & not in today refdata
OPT_GRASIM_20260224_CE_144000,GRASIM,OPT_CE,144000,20260224,Zero position & not in today refdata
OPT_LT_20260224_PE_466000,LT,OPT_PE,466000,20260224,Zero position & not in today refdata
OPT_ITC_20260224_PE_44250,ITC,OPT_PE,44250,20260224,Zero position & not in today refdata
OPT_HDFCLIFE_20260224_PE_110000,HDFCLIFE,OPT_PE,110000,20260224,Zero position & not in today refdata
OPT_HDFCBANK_20260224_CE_134000,HDFCBANK,OPT_CE,134000,20260224,Zero position & not in today refdata
OPT_BAJAJ-AUTO_20260224_CE_1400000,BAJAJ-AUTO,OPT_CE,1400000,20260224,Zero position & not in today refdata
OPT_HEROMOTOCO_20260224_CE_270000,HEROMOTOCO,OPT_CE,270000,20260224,Zero position & not in today refdata
OPT_COALINDIA_20260224_PE_23000,COALINDIA,OPT_PE,23000,20260224,Zero position & not in today refdata
OPT_ITC_20260224_CE_43250,ITC,OPT_CE,43250,20260224,Zero position & not in today refdata
OPT_ONGC_20260224_CE_17600,ONGC,OPT_CE,17600,20260224,Zero position & not in today refdata
OPT_BAJAJFINSV_20260224_PE_258000,BAJAJFINSV,OPT_PE,258000,20260224,Zero position & not in today refdata
OPT_TRENT_20260224_CE_545000,TRENT,OPT_CE,545000,20260224,Zero position & not in today refdata
OPT_MARUTI_20260224_PE_2220000,MARUTI,OPT_PE,2220000,20260224,Zero position & not in today refdata
OPT_ETERNAL_20260224_PE_43000,ETERNAL,OPT_PE,43000,20260224,Zero position & not in today refdata
OPT_ITC_20260224_CE_47250,ITC,OPT_CE,47250,20260224,Zero position & not in today refdata
OPT_ITC_20260224_PE_22750,ITC,OPT_PE,22750,20260224,Zero position & not in today refdata
OPT_ITC_20260224_CE_56000,ITC,OPT_CE,56000,20260224,Zero position & not in today refdata
OPT_WIPRO_20260224_CE_27650,WIPRO,OPT_CE,27650,20260224,Zero position & not in today refdata
OPT_CIPLA_20260224_CE_214000,CIPLA,OPT_CE,214000,20260224,Zero position & not in today refdata
OPT_BAJFINANCE_20260224_PE_61000,BAJFINANCE,OPT_PE,61000,20260224,Zero position & not in today refdata
OPT_ETERNAL_20260224_CE_16500,ETERNAL,OPT_CE,16500,20260224,Zero position & not in today refdata
OPT_ADANIENT_20260224_CE_316000,ADANIENT,OPT_CE,316000,20260224,Zero position & not in today refdata
OPT_ONGC_20260224_CE_20300,ONGC,OPT_CE,20300,20260224,Zero position & not in today refdata
OPT_DRREDDY_20260224_CE_161000,DRREDDY,OPT_CE,161000,20260224,Zero position & not in today refdata
OPT_ADANIENT_20260224_PE_316000,ADANIENT,OPT_PE,316000,20260224,Zero position & not in today refdata
OPT_ITC_20260224_CE_48750,ITC,OPT_CE,48750,20260224,Zero position & not in today refdata
OPT_TATACONSUM_20260224_PE_157000,TATACONSUM,OPT_PE,157000,20260224,Zero position & not in today refdata
OPT_RELIANCE_20260224_PE_185000,RELIANCE,OPT_PE,185000,20260224,Zero position & not in today refdata
OPT_ETERNAL_20260224_PE_36500,ETERNAL,OPT_PE,36500,20260224,Zero position & not in today refdata
OPT_TECHM_20260224_CE_92000,TECHM,OPT_CE,92000,20260224,Zero position & not in today refdata
OPT_TRENT_20260224_PE_555000,TRENT,OPT_PE,555000,20260224,Zero position & not in today refdata
OPT_TRENT_20260224_CE_600000,TRENT,OPT_CE,600000,20260224,Zero position & not in today refdata
OPT_ITC_20260224_CE_54000,ITC,OPT_CE,54000,20260224,Zero position & not in today refdata
OPT_M&M_20260224_CE_520000,M&M,OPT_CE,520000,20260224,Zero position & not in today refdata
OPT_AXISBANK_20260224_PE_70000,AXISBANK,OPT_PE,70000,20260224,Zero position & not in today refdata
OPT_ONGC_20260224_CE_21900,ONGC,OPT_CE,21900,20260224,Zero position & not in today refdata
OPT_HINDUNILVR_20260224_PE_162000,HINDUNILVR,OPT_PE,162000,20260224,Zero position & not in today refdata
OPT_ETERNAL_20260224_CE_37500,ETERNAL,OPT_CE,37500,20260224,Zero position & not in today refdata
OPT_KOTAKBANK_20260224_CE_60000,KOTAKBANK,OPT_CE,60000,20260224,Zero position & not in today refdata
OPT_ADANIPORTS_20260224_CE_198000,ADANIPORTS,OPT_CE,198000,20260224,Zero position & not in today refdata
OPT_SBIN_20260224_PE_68000,SBIN,OPT_PE,68000,20260224,Zero position & not in today refdata
OPT_KOTAKBANK_20260224_CE_36800,KOTAKBANK,OPT_CE,36800,20260224,Zero position & not in today refdata
OPT_ADANIENT_20260224_PE_122000,ADANIENT,OPT_PE,122000,20260224,Zero position & not in today refdata
OPT_JIOFIN_20260224_CE_34750,JIOFIN,OPT_CE,34750,20260224,Zero position & not in today refdata
OPT_ONGC_20260224_CE_19200,ONGC,OPT_CE,19200,20260224,Zero position & not in today refdata
OPT_ONGC_20260224_PE_18600,ONGC,OPT_PE,18600,20260224,Zero position & not in today refdata
OPT_EICHERMOT_20260224_PE_1080000,EICHERMOT,OPT_PE,1080000,20260224,Zero position & not in today refdata
OPT_ONGC_20260224_CE_16200,ONGC,OPT_CE,16200,20260224,Zero position & not in today refdata
OPT_CIPLA_20260224_PE_185000,CIPLA,OPT_PE,185000,20260224,Zero position & not in today refdata
OPT_SBIN_20260224_CE_85500,SBIN,OPT_CE,85500,20260224,Zero position & not in today refdata
OPT_COALINDIA_20260224_PE_25000,COALINDIA,OPT_PE,25000,20260224,Zero position & not in today refdata
OPT_JSWSTEEL_20260224_PE_70000,JSWSTEEL,OPT_PE,70000,20260224,Zero position & not in today refdata
OPT_KOTAKBANK_20260224_PE_49600,KOTAKBANK,OPT_PE,49600,20260224,Zero position & not in today refdata
OPT_TRENT_20260224_CE_565000,TRENT,OPT_CE,565000,20260224,Zero position & not in today refdata
OPT_CIPLA_20260224_CE_216000,CIPLA,OPT_CE,216000,20260224,Zero position & not in today refdata
OPT_POWERGRID_20260224_PE_13500,POWERGRID,OPT_PE,13500,20260224,Zero position & not in today refdata
OPT_COALINDIA_20260224_CE_24000,COALINDIA,OPT_CE,24000,20260224,Zero position & not in today refdata
OPT_ETERNAL_20260224_PE_44000,ETERNAL,OPT_PE,44000,20260224,Zero position & not in today refdata
OPT_DRREDDY_20260224_CE_159000,DRREDDY,OPT_CE,159000,20260224,Zero position & not in today refdata
OPT_EICHERMOT_20260224_CE_515000,EICHERMOT,OPT_CE,515000,20260224,Zero position & not in today refdata
OPT_ONGC_20260224_CE_17800,ONGC,OPT_CE,17800,20260224,Zero position & not in today refdata
OPT_BAJAJ-AUTO_20260224_PE_1250000,BAJAJ-AUTO,OPT_PE,1250000,20260224,Zero position & not in today refdata
OPT_LT_20260224_CE_474000,LT,OPT_CE,474000,20260224,Zero position & not in today refdata
OPT_CIPLA_20260224_PE_175000,CIPLA,OPT_PE,175000,20260224,Zero position & not in today refdata
OPT_MARUTI_20260224_CE_2030000,MARUTI,OPT_CE,2030000,20260224,Zero position & not in today refdata
OPT_RELIANCE_20260224_PE_220000,RELIANCE,OPT_PE,220000,20260224,Zero position & not in today refdata
OPT_TATASTEEL_20260224_PE_11000,TATASTEEL,OPT_PE,11000,20260224,Zero position & not in today refdata
OPT_M&M_20260224_CE_235000,M&M,OPT_CE,235000,20260224,Zero position & not in today refdata
OPT_MARUTI_20260224_PE_2440000,MARUTI,OPT_PE,2440000,20260224,Zero position & not in today refdata
OPT_HEROMOTOCO_20260224_CE_775000,HEROMOTOCO,OPT_CE,775000,20260224,Zero position & not in today refdata
OPT_TATACONSUM_20260224_PE_151000,TATACONSUM,OPT_PE,151000,20260224,Zero position & not in today refdata
OPT_SBIN_20260224_PE_66000,SBIN,OPT_PE,66000,20260224,Zero position & not in today refdata
OPT_ICICIBANK_20260224_CE_198000,ICICIBANK,OPT_CE,198000,20260224,Zero position & not in today refdata
OPT_DRREDDY_20260224_CE_85000,DRREDDY,OPT_CE,85000,20260224,Zero position & not in today refdata
OPT_NTPC_20260224_CE_19000,NTPC,OPT_CE,19000,20260224,Zero position & not in today refdata
OPT_AXISBANK_20260224_CE_68000,AXISBANK,OPT_CE,68000,20260224,Zero position & not in today refdata
OPT_ONGC_20260224_CE_21100,ONGC,OPT_CE,21100,20260224,Zero position & not in today refdata
OPT_KOTAKBANK_20260224_PE_47200,KOTAKBANK,OPT_PE,47200,20260224,Zero position & not in today refdata
OPT_SUNPHARMA_20260224_PE_201000,SUNPHARMA,OPT_PE,201000,20260224,Zero position & not in today refdata
OPT_TATASTEEL_20260224_PE_15700,TATASTEEL,OPT_PE,15700,20260224,Zero position & not in today refdata
OPT_WIPRO_20260224_PE_15250,WIPRO,OPT_PE,15250,20260224,Zero position & not in today refdata
OPT_ASIANPAINT_20260224_PE_350000,ASIANPAINT,OPT_PE,350000,20260224,Zero position & not in today refdata
OPT_ICICIBANK_20260224_PE_175000,ICICIBANK,OPT_PE,175000,20260224,Zero position & not in today refdata
OPT_AXISBANK_20260224_PE_91000,AXISBANK,OPT_PE,91000,20260224,Zero position & not in today refdata
OPT_JIOFIN_20260224_CE_36750,JIOFIN,OPT_CE,36750,20260224,Zero position & not in today refdata
OPT_ASIANPAINT_20260224_PE_330000,ASIANPAINT,OPT_PE,330000,20260224,Zero position & not in today refdata
OPT_TATACONSUM_20260224_PE_153000,TATACONSUM,OPT_PE,153000,20260224,Zero position & not in today refdata
OPT_JIOFIN_20260224_CE_42500,JIOFIN,OPT_CE,42500,20260224,Zero position & not in today refdata
OPT_ADANIPORTS_20260224_CE_60000,ADANIPORTS,OPT_CE,60000,20260224,Zero position & not in today refdata
OPT_TECHM_20260224_CE_96000,TECHM,OPT_CE,96000,20260224,Zero position & not in today refdata
OPT_TRENT_20260224_PE_590000,TRENT,OPT_PE,590000,20260224,Zero position & not in today refdata
OPT_CIPLA_20260224_CE_202000,CIPLA,OPT_CE,202000,20260224,Zero position & not in today refdata
OPT_NESTLEIND_20260224_PE_74000,NESTLEIND,OPT_PE,74000,20260224,Zero position & not in today refdata
OPT_JIOFIN_20260224_CE_41000,JIOFIN,OPT_CE,41000,20260224,Zero position & not in today refdata
OPT_LT_20260224_PE_458000,LT,OPT_PE,458000,20260224,Zero position & not in today refdata
OPT_M&M_20260224_CE_465000,M&M,OPT_CE,465000,20260224,Zero position & not in today refdata
OPT_BHARTIARTL_20260224_CE_270000,BHARTIARTL,OPT_CE,270000,20260224,Zero position & not in today refdata
OPT_ITC_20260224_PE_41750,ITC,OPT_PE,41750,20260224,Zero position & not in today refdata
OPT_MARUTI_20260224_PE_1910000,MARUTI,OPT_PE,1910000,20260224,Zero position & not in today refdata
OPT_ULTRACEMCO_20260224_PE_910000,ULTRACEMCO,OPT_PE,910000,20260224,Zero position & not in today refdata
OPT_ITC_20260224_PE_58000,ITC,OPT_PE,58000,20260224,Zero position & not in today refdata
OPT_COALINDIA_20260224_PE_32250,COALINDIA,OPT_PE,32250,20260224,Zero position & not in today refdata
OPT_RELIANCE_20260224_CE_224000,RELIANCE,OPT_CE,224000,20260224,Zero position & not in today refdata
OPT_ITC_20260224_CE_52500,ITC,OPT_CE,52500,20260224,Zero position & not in today refdata
OPT_ASIANPAINT_20260224_CE_400000,ASIANPAINT,OPT_CE,400000,20260224,Zero position & not in today refdata
OPT_TECHM_20260224_CE_118000,TECHM,OPT_CE,118000,20260224,Zero position & not in today refdata
OPT_SUNPHARMA_20260224_CE_211000,SUNPHARMA,OPT_CE,211000,20260224,Zero position & not in today refdata
OPT_ADANIENT_20260224_CE_88000,ADANIENT,OPT_CE,88000,20260224,Zero position & not in today refdata
OPT_TATACONSUM_20260224_CE_151000,TATACONSUM,OPT_CE,151000,20260224,Zero position & not in today refdata
OPT_TITAN_20260224_CE_544000,TITAN,OPT_CE,544000,20260224,Zero position & not in today refdata
OPT_SUNPHARMA_20260224_PE_236000,SUNPHARMA,OPT_PE,236000,20260224,Zero position & not in today refdata
OPT_ADANIPORTS_20260224_PE_82000,ADANIPORTS,OPT_PE,82000,20260224,Zero position & not in today refdata
OPT_TRENT_20260224_PE_525000,TRENT,OPT_PE,525000,20260224,Zero position & not in today refdata
OPT_JIOFIN_20260224_PE_38250,JIOFIN,OPT_PE,38250,20260224,Zero position & not in today refdata
OPT_COALINDIA_20260224_CE_35250,COALINDIA,OPT_CE,35250,20260224,Zero position & not in today refdata
OPT_WIPRO_20260224_PE_29150,WIPRO,OPT_PE,29150,20260224,Zero position & not in today refdata
OPT_ADANIPORTS_20260224_PE_64000,ADANIPORTS,OPT_PE,64000,20260224,Zero position & not in today refdata
OPT_ITC_20260224_CE_47750,ITC,OPT_CE,47750,20260224,Zero position & not in today refdata
OPT_JIOFIN_20260224_PE_36750,JIOFIN,OPT_PE,36750,20260224,Zero position & not in today refdata
OPT_DRREDDY_20260224_PE_85000,DRREDDY,OPT_PE,85000,20260224,Zero position & not in today refdata
OPT_CIPLA_20260224_CE_208000,CIPLA,OPT_CE,208000,20260224,Zero position & not in today refdata
OPT_NTPC_20260224_CE_19500,NTPC,OPT_CE,19500,20260224,Zero position & not in today refdata
OPT_EICHERMOT_20260224_PE_515000,EICHERMOT,OPT_PE,515000,20260224,Zero position & not in today refdata
OPT_RELIANCE_20260224_CE_187000,RELIANCE,OPT_CE,187000,20260224,Zero position & not in today refdata
OPT_ADANIENT_20260224_CE_312000,ADANIENT,OPT_CE,312000,20260224,Zero position & not in today refdata
OPT_MARUTI_20260224_CE_2360000,MARUTI,OPT_CE,2360000,20260224,Zero position & not in today refdata
OPT_ULTRACEMCO_20260224_CE_720000,ULTRACEMCO,OPT_CE,720000,20260224,Zero position & not in today refdata
OPT_HINDALCO_20260224_CE_54000,HINDALCO,OPT_CE,54000,20260224,Zero position & not in today refdata
OPT_ICICIBANK_20260224_CE_74000,ICICIBANK,OPT_CE,74000,20260224,Zero position & not in today refdata
OPT_TATASTEEL_20260224_CE_11400,TATASTEEL,OPT_CE,11400,20260224,Zero position & not in today refdata
OPT_JIOFIN_20260224_CE_43500,JIOFIN,OPT_CE,43500,20260224,Zero position & not in today refdata
OPT_JIOFIN_20260224_PE_43000,JIOFIN,OPT_PE,43000,20260224,Zero position & not in today refdata
OPT_TITAN_20260224_CE_568000,TITAN,OPT_CE,568000,20260224,Zero position & not in today refdata
OPT_SUNPHARMA_20260224_PE_203000,SUNPHARMA,OPT_PE,203000,20260224,Zero position & not in today refdata
OPT_BHARTIARTL_20260224_PE_262000,BHARTIARTL,OPT_PE,262000,20260224,Zero position & not in today refdata
OPT_APOLLOHOSP_20260224_PE_505000,APOLLOHOSP,OPT_PE,505000,20260224,Zero position & not in today refdata
OPT_TITAN_20260224_PE_552000,TITAN,OPT_PE,552000,20260224,Zero position & not in today refdata
OPT_LT_20260224_PE_486000,LT,OPT_PE,486000,20260224,Zero position & not in today refdata
OPT_ITC_20260224_PE_46750,ITC,OPT_PE,46750,20260224,Zero position & not in today refdata
OPT_INFY_20260224_PE_92000,INFY,OPT_PE,92000,20260224,Zero position & not in today refdata
OPT_LT_20260224_CE_462000,LT,OPT_CE,462000,20260224,Zero position & not in today refdata
OPT_TRENT_20260224_CE_555000,TRENT,OPT_CE,555000,20260224,Zero position & not in today refdata
OPT_JIOFIN_20260224_CE_41500,JIOFIN,OPT_CE,41500,20260224,Zero position & not in today refdata
OPT_COALINDIA_20260224_PE_24500,COALINDIA,OPT_PE,24500,20260224,Zero position & not in today refdata
OPT_CIPLA_20260224_PE_183000,CIPLA,OPT_PE,183000,20260224,Zero position & not in today refdata
OPT_HCLTECH_20260224_CE_114000,HCLTECH,OPT_CE,114000,20260224,Zero position & not in today refdata
OPT_SUNPHARMA_20260224_PE_211000,SUNPHARMA,OPT_PE,211000,20260224,Zero position & not in today refdata
OPT_ADANIENT_20260224_PE_278000,ADANIENT,OPT_PE,278000,20260224,Zero position & not in today refdata
OPT_ITC_20260224_PE_48750,ITC,OPT_PE,48750,20260224,Zero position & not in today refdata
OPT_LT_20260224_PE_462000,LT,OPT_PE,462000,20260224,Zero position & not in today refdata
OPT_BAJFINANCE_20260224_CE_146000,BAJFINANCE,OPT_CE,146000,20260224,Zero position & not in today refdata
OPT_TCS_20260224_PE_398000,TCS,OPT_PE,398000,20260224,Zero position & not in today refdata
OPT_M&M_20260224_PE_500000,M&M,OPT_PE,500000,20260224,Zero position & not in today refdata
OPT_CIPLA_20260224_PE_200000,CIPLA,OPT_PE,200000,20260224,Zero position & not in today refdata
OPT_NESTLEIND_20260224_PE_186000,NESTLEIND,OPT_PE,186000,20260224,Zero position & not in today refdata
OPT_ITC_20260224_PE_45250,ITC,OPT_PE,45250,20260224,Zero position & not in today refdata
OPT_JIOFIN_20260224_CE_16250,JIOFIN,OPT_CE,16250,20260224,Zero position & not in today refdata
OPT_JIOFIN_20260224_PE_40500,JIOFIN,OPT_PE,40500,20260224,Zero position & not in today refdata
OPT_RELIANCE_20260224_CE_230000,RELIANCE,OPT_CE,230000,20260224,Zero position & not in today refdata
OPT_M&M_20260224_PE_530000,M&M,OPT_PE,530000,20260224,Zero position & not in today refdata
OPT_MARUTI_20260224_PE_2300000,MARUTI,OPT_PE,2300000,20260224,Zero position & not in today refdata
OPT_BEL_20260224_CE_29500,BEL,OPT_CE,29500,20260224,Zero position & not in today refdata
OPT_M&M_20260224_PE_475000,M&M,OPT_PE,475000,20260224,Zero position & not in today refdata
OPT_TCS_20260224_PE_246000,TCS,OPT_PE,246000,20260224,Zero position & not in today refdata
OPT_RELIANCE_20260224_PE_66000,RELIANCE,OPT_PE,66000,20260224,Zero position & not in today refdata
OPT_BHARTIARTL_20260224_CE_262000,BHARTIARTL,OPT_CE,262000,20260224,Zero position & not in today refdata
OPT_INDUSINDBK_20260224_PE_59000,INDUSINDBK,OPT_PE,59000,20260224,Zero position & not in today refdata
OPT_ITC_20260224_CE_42250,ITC,OPT_CE,42250,20260224,Zero position & not in today refdata
OPT_ADANIENT_20260224_CE_278000,ADANIENT,OPT_CE,278000,20260224,Zero position & not in today refdata
OPT_KOTAKBANK_20260224_PE_45200,KOTAKBANK,OPT_PE,45200,20260224,Zero position & not in today refdata
OPT_LT_20260224_PE_536000,LT,OPT_PE,536000,20260224,Zero position & not in today refdata
OPT_BAJFINANCE_20260224_PE_127000,BAJFINANCE,OPT_PE,127000,20260224,Zero position & not in today refdata
OPT_BHARTIARTL_20260224_PE_308000,BHARTIARTL,OPT_PE,308000,20260224,Zero position & not in today refdata
OPT_BAJAJ-AUTO_20260224_PE_1380000,BAJAJ-AUTO,OPT_PE,1380000,20260224,Zero position & not in today refdata
OPT_BEL_20260224_CE_26000,BEL,OPT_CE,26000,20260224,Zero position & not in today refdata
OPT_ETERNAL_20260224_PE_38500,ETERNAL,OPT_PE,38500,20260224,Zero position & not in today refdata
OPT_KOTAKBANK_20260224_PE_48800,KOTAKBANK,OPT_PE,48800,20260224,Zero position & not in today refdata
OPT_ITC_20260224_PE_54500,ITC,OPT_PE,54500,20260224,Zero position & not in today refdata
OPT_TRENT_20260224_CE_590000,TRENT,OPT_CE,590000,20260224,Zero position & not in today refdata
OPT_APOLLOHOSP_20260224_CE_1050000,APOLLOHOSP,OPT_CE,1050000,20260224,Zero position & not in today refdata
OPT_TATASTEEL_20260224_CE_14700,TATASTEEL,OPT_CE,14700,20260224,Zero position & not in today refdata
OPT_KOTAKBANK_20260224_CE_51250,KOTAKBANK,OPT_CE,51250,20260224,Zero position & not in today refdata
OPT_KOTAKBANK_20260224_PE_51250,KOTAKBANK,OPT_PE,51250,20260224,Zero position & not in today refdata
OPT_TECHM_20260224_CE_84000,TECHM,OPT_CE,84000,20260224,Zero position & not in today refdata
OPT_ITC_20260224_CE_58000,ITC,OPT_CE,58000,20260224,Zero position & not in today refdata
OPT_COALINDIA_20260224_CE_31250,COALINDIA,OPT_CE,31250,20260224,Zero position & not in today refdata
OPT_APOLLOHOSP_20260224_PE_1050000,APOLLOHOSP,OPT_PE,1050000,20260224,Zero position & not in today refdata
OPT_HINDALCO_20260224_CE_63000,HINDALCO,OPT_CE,63000,20260224,Zero position & not in today refdata
OPT_HINDALCO_20260224_CE_69000,HINDALCO,OPT_CE,69000,20260224,Zero position & not in today refdata
OPT_WIPRO_20260224_PE_27650,WIPRO,OPT_PE,27650,20260224,Zero position & not in today refdata
OPT_GRASIM_20260224_CE_210000,GRASIM,OPT_CE,210000,20260224,Zero position & not in today refdata
OPT_BAJAJFINSV_20260224_PE_300000,BAJAJFINSV,OPT_PE,300000,20260224,Zero position & not in today refdata
OPT_TATACONSUM_20260224_CE_176000,TATACONSUM,OPT_CE,176000,20260224,Zero position & not in today refdata
OPT_KOTAKBANK_20260224_CE_47200,KOTAKBANK,OPT_CE,47200,20260224,Zero position & not in today refdata
OPT_WIPRO_20260224_CE_29150,WIPRO,OPT_CE,29150,20260224,Zero position & not in today refdata
OPT_TCS_20260224_CE_472000,TCS,OPT_CE,472000,20260224,Zero position & not in today refdata
OPT_JIOFIN_20260224_PE_44000,JIOFIN,OPT_PE,44000,20260224,Zero position & not in today refdata
OPT_ITC_20260224_PE_52000,ITC,OPT_PE,52000,20260224,Zero position & not in today refdata
OPT_ITC_20260224_CE_57000,ITC,OPT_CE,57000,20260224,Zero position & not in today refdata
OPT_LT_20260224_CE_454000,LT,OPT_CE,454000,20260224,Zero position & not in today refdata
OPT_HEROMOTOCO_20260224_PE_860000,HEROMOTOCO,OPT_PE,860000,20260224,Zero position & not in today refdata
OPT_LT_20260224_PE_470000,LT,OPT_PE,470000,20260224,Zero position & not in today refdata
OPT_ONGC_20260224_CE_21500,ONGC,OPT_CE,21500,20260224,Zero position & not in today refdata
OPT_GRASIM_20260224_PE_420000,GRASIM,OPT_PE,420000,20260224,Zero position & not in today refdata
OPT_ASIANPAINT_20260224_CE_338000,ASIANPAINT,OPT_CE,338000,20260224,Zero position & not in today refdata
OPT_ONGC_20260224_PE_16400,ONGC,OPT_PE,16400,20260224,Zero position & not in today refdata
OPT_TCS_20260224_CE_246000,TCS,OPT_CE,246000,20260224,Zero position & not in today refdata
OPT_RELIANCE_20260224_PE_230000,RELIANCE,OPT_PE,230000,20260224,Zero position & not in today refdata
OPT_ASIANPAINT_20260224_PE_392000,ASIANPAINT,OPT_PE,392000,20260224,Zero position & not in today refdata
OPT_TITAN_20260224_CE_498000,TITAN,OPT_CE,498000,20260224,Zero position & not in today refdata
OPT_COALINDIA_20260224_PE_22500,COALINDIA,OPT_PE,22500,20260224,Zero position & not in today refdata
OPT_TRENT_20260224_CE_255000,TRENT,OPT_CE,255000,20260224,Zero position & not in today refdata
OPT_SBILIFE_20260224_PE_142000,SBILIFE,OPT_PE,142000,20260224,Zero position & not in today refdata
OPT_NTPC_20260224_PE_19500,NTPC,OPT_PE,19500,20260224,Zero position & not in today refdata
OPT_ONGC_20260224_PE_20500,ONGC,OPT_PE,20500,20260224,Zero position & not in today refdata
OPT_COALINDIA_20260224_CE_25500,COALINDIA,OPT_CE,25500,20260224,Zero position & not in today refdata
OPT_M&M_20260224_PE_510000,M&M,OPT_PE,510000,20260224,Zero position & not in today refdata
OPT_ONGC_20260224_CE_18800,ONGC,OPT_CE,18800,20260224,Zero position & not in today refdata
OPT_TCS_20260224_PE_242000,TCS,OPT_PE,242000,20260224,Zero position & not in today refdata
OPT_ADANIENT_20260224_PE_80000,ADANIENT,OPT_PE,80000,20260224,Zero position & not in today refdata
OPT_POWERGRID_20260224_PE_34750,POWERGRID,OPT_PE,34750,20260224,Zero position & not in today refdata
OPT_DRREDDY_20260224_PE_159000,DRREDDY,OPT_PE,159000,20260224,Zero position & not in today refdata
OPT_ITC_20260224_CE_55000,ITC,OPT_CE,55000,20260224,Zero position & not in today refdata
OPT_HEROMOTOCO_20260224_CE_745000,HEROMOTOCO,OPT_CE,745000,20260224,Zero position & not in today refdata
OPT_HINDUNILVR_20260224_CE_162000,HINDUNILVR,OPT_CE,162000,20260224,Zero position & not in today refdata
OPT_JIOFIN_20260224_CE_44000,JIOFIN,OPT_CE,44000,20260224,Zero position & not in today refdata
OPT_HINDALCO_20260224_CE_52000,HINDALCO,OPT_CE,52000,20260224,Zero position & not in today refdata
OPT_HEROMOTOCO_20260224_PE_850000,HEROMOTOCO,OPT_PE,850000,20260224,Zero position & not in today refdata
OPT_BAJFINANCE_20260224_PE_44000,BAJFINANCE,OPT_PE,44000,20260224,Zero position & not in today refdata
OPT_JIOFIN_20260224_PE_34750,JIOFIN,OPT_PE,34750,20260224,Zero position & not in today refdata
OPT_KOTAKBANK_20260224_PE_47600,KOTAKBANK,OPT_PE,47600,20260224,Zero position & not in today refdata
OPT_ASIANPAINT_20260224_PE_408000,ASIANPAINT,OPT_PE,408000,20260224,Zero position & not in today refdata
OPT_TATASTEEL_20260224_CE_10600,TATASTEEL,OPT_CE,10600,20260224,Zero position & not in today refdata
OPT_ULTRACEMCO_20260224_PE_640000,ULTRACEMCO,OPT_PE,640000,20260224,Zero position & not in today refdata
OPT_RELIANCE_20260224_PE_228000,RELIANCE,OPT_PE,228000,20260224,Zero position & not in today refdata
OPT_HCLTECH_20260224_PE_92000,HCLTECH,OPT_PE,92000,20260224,Zero position & not in today refdata
OPT_LT_20260224_PE_302000,LT,OPT_PE,302000,20260224,Zero position & not in today refdata
OPT_MARUTI_20260224_CE_2220000,MARUTI,OPT_CE,2220000,20260224,Zero position & not in today refdata
OPT_ULTRACEMCO_20260224_PE_850000,ULTRACEMCO,OPT_PE,850000,20260224,Zero position & not in today refdata
OPT_ADANIPORTS_20260224_CE_86000,ADANIPORTS,OPT_CE,86000,20260224,Zero position & not in today refdata
OPT_HEROMOTOCO_20260224_CE_765000,HEROMOTOCO,OPT_CE,765000,20260224,Zero position & not in today refdata
OPT_MARUTI_20260224_PE_2380000,MARUTI,OPT_PE,2380000,20260224,Zero position & not in today refdata
OPT_TRENT_20260224_CE_535000,TRENT,OPT_CE,535000,20260224,Zero position & not in today refdata
OPT_MARUTI_20260224_CE_2240000,MARUTI,OPT_CE,2240000,20260224,Zero position & not in today refdata
OPT_EICHERMOT_20260224_PE_915000,EICHERMOT,OPT_PE,915000,20260224,Zero position & not in today refdata
OPT_ULTRACEMCO_20260224_PE_720000,ULTRACEMCO,OPT_PE,720000,20260224,Zero position & not in today refdata
OPT_ULTRACEMCO_20260224_PE_660000,ULTRACEMCO,OPT_PE,660000,20260224,Zero position & not in today refdata
OPT_ICICIBANK_20260224_CE_202000,ICICIBANK,OPT_CE,202000,20260224,Zero position & not in today refdata
OPT_HINDALCO_20260224_PE_67000,HINDALCO,OPT_PE,67000,20260224,Zero position & not in today refdata
OPT_ICICIBANK_20260224_CE_200000,ICICIBANK,OPT_CE,200000,20260224,Zero position & not in today refdata
OPT_ULTRACEMCO_20260224_CE_850000,ULTRACEMCO,OPT_CE,850000,20260224,Zero position & not in today refdata
OPT_TCS_20260224_PE_402000,TCS,OPT_PE,402000,20260224,Zero position & not in today refdata
OPT_JIOFIN_20260224_CE_37750,JIOFIN,OPT_CE,37750,20260224,Zero position & not in today refdata
OPT_ONGC_20260224_CE_18600,ONGC,OPT_CE,18600,20260224,Zero position & not in today refdata
OPT_NTPC_20260224_PE_18500,NTPC,OPT_PE,18500,20260224,Zero position & not in today refdata
OPT_HEROMOTOCO_20260224_CE_735000,HEROMOTOCO,OPT_CE,735000,20260224,Zero position & not in today refdata
OPT_RELIANCE_20260224_PE_187000,RELIANCE,OPT_PE,187000,20260224,Zero position & not in today refdata
OPT_BHARTIARTL_20260224_CE_258000,BHARTIARTL,OPT_CE,258000,20260224,Zero position & not in today refdata
OPT_AXISBANK_20260224_PE_68000,AXISBANK,OPT_PE,68000,20260224,Zero position & not in today refdata
OPT_ONGC_20260224_PE_18800,ONGC,OPT_PE,18800,20260224,Zero position & not in today refdata
OPT_HCLTECH_20260224_PE_114000,HCLTECH,OPT_PE,114000,20260224,Zero position & not in today refdata
OPT_GRASIM_20260224_CE_140000,GRASIM,OPT_CE,140000,20260224,Zero position & not in today refdata
OPT_ASIANPAINT_20260224_CE_346000,ASIANPAINT,OPT_CE,346000,20260224,Zero position & not in today refdata
OPT_MARUTI_20260224_PE_2050000,MARUTI,OPT_PE,2050000,20260224,Zero position & not in today refdata
OPT_HEROMOTOCO_20260224_PE_840000,HEROMOTOCO,OPT_PE,840000,20260224,Zero position & not in today refdata
OPT_WIPRO_20260224_CE_15250,WIPRO,OPT_CE,15250,20260224,Zero position & not in today refdata
OPT_JSWSTEEL_20260224_PE_87000,JSWSTEEL,OPT_PE,87000,20260224,Zero position & not in today refdata
OPT_SUNPHARMA_20260224_PE_244000,SUNPHARMA,OPT_PE,244000,20260224,Zero position & not in today refdata
OPT_NESTLEIND_20260224_PE_167000,NESTLEIND,OPT_PE,167000,20260224,Zero position & not in today refdata
OPT_HEROMOTOCO_20260224_CE_755000,HEROMOTOCO,OPT_CE,755000,20260224,Zero position & not in today refdata
OPT_ASIANPAINT_20260224_CE_350000,ASIANPAINT,OPT_CE,350000,20260224,Zero position & not in today refdata
OPT_ONGC_20260224_PE_19000,ONGC,OPT_PE,19000,20260224,Zero position & not in today refdata
OPT_DRREDDY_20260224_PE_83000,DRREDDY,OPT_PE,83000,20260224,Zero position & not in today refdata
OPT_TECHM_20260224_PE_88000,TECHM,OPT_PE,88000,20260224,Zero position & not in today refdata
OPT_AXISBANK_20260224_PE_93000,AXISBANK,OPT_PE,93000,20260224,Zero position & not in today refdata
OPT_ASIANPAINT_20260224_PE_338000,ASIANPAINT,OPT_PE,338000,20260224,Zero position & not in today refdata
OPT_TATASTEEL_20260224_CE_12000,TATASTEEL,OPT_CE,12000,20260224,Zero position & not in today refdata
OPT_ASIANPAINT_20260224_PE_404000,ASIANPAINT,OPT_PE,404000,20260224,Zero position & not in today refdata
OPT_INDUSINDBK_20260224_CE_61000,INDUSINDBK,OPT_CE,61000,20260224,Zero position & not in today refdata
OPT_CIPLA_20260224_CE_200000,CIPLA,OPT_CE,200000,20260224,Zero position & not in today refdata
OPT_M&M_20260224_PE_235000,M&M,OPT_PE,235000,20260224,Zero position & not in today refdata
OPT_CIPLA_20260224_PE_214000,CIPLA,OPT_PE,214000,20260224,Zero position & not in today refdata
OPT_SUNPHARMA_20260224_PE_238000,SUNPHARMA,OPT_PE,238000,20260224,Zero position & not in today refdata
OPT_HDFCBANK_20260224_PE_73500,HDFCBANK,OPT_PE,73500,20260224,Zero position & not in today refdata
OPT_TITAN_20260224_PE_490000,TITAN,OPT_PE,490000,20260224,Zero position & not in today refdata
OPT_BAJFINANCE_20260224_CE_127000,BAJFINANCE,OPT_CE,127000,20260224,Zero position & not in today refdata
OPT_CIPLA_20260224_PE_171000,CIPLA,OPT_PE,171000,20260224,Zero position & not in today refdata
OPT_TITAN_20260224_CE_560000,TITAN,OPT_CE,560000,20260224,Zero position & not in today refdata
OPT_SBIN_20260224_PE_62000,SBIN,OPT_PE,62000,20260224,Zero position & not in today refdata
OPT_BAJFINANCE_20260224_CE_63000,BAJFINANCE,OPT_CE,63000,20260224,Zero position & not in today refdata
OPT_HDFCBANK_20260224_PE_134000,HDFCBANK,OPT_PE,134000,20260224,Zero position & not in today refdata
OPT_TATACONSUM_20260224_PE_155000,TATACONSUM,OPT_PE,155000,20260224,Zero position & not in today refdata
OPT_BAJAJ-AUTO_20260224_PE_650000,BAJAJ-AUTO,OPT_PE,650000,20260224,Zero position & not in today refdata
OPT_DRREDDY_20260224_PE_163000,DRREDDY,OPT_PE,163000,20260224,Zero position & not in today refdata
OPT_ITC_20260224_PE_46250,ITC,OPT_PE,46250,20260224,Zero position & not in today refdata
OPT_ETERNAL_20260224_CE_44000,ETERNAL,OPT_CE,44000,20260224,Zero position & not in today refdata
OPT_JIOFIN_20260224_PE_16250,JIOFIN,OPT_PE,16250,20260224,Zero position & not in today refdata
OPT_COALINDIA_20260224_CE_22000,COALINDIA,OPT_CE,22000,20260224,Zero position & not in today refdata
OPT_ICICIBANK_20260224_PE_179000,ICICIBANK,OPT_PE,179000,20260224,Zero position & not in today refdata
OPT_LT_20260224_PE_478000,LT,OPT_PE,478000,20260224,Zero position & not in today refdata
OPT_BAJAJ-AUTO_20260224_PE_1400000,BAJAJ-AUTO,OPT_PE,1400000,20260224,Zero position & not in today refdata
OPT_POWERGRID_20260224_CE_13500,POWERGRID,OPT_CE,13500,20260224,Zero position & not in today refdata
OPT_ONGC_20260224_CE_22100,ONGC,OPT_CE,22100,20260224,Zero position & not in today refdata
OPT_MARUTI_20260224_CE_1990000,MARUTI,OPT_CE,1990000,20260224,Zero position & not in today refdata
OPT_CIPLA_20260224_CE_173000,CIPLA,OPT_CE,173000,20260224,Zero position & not in today refdata
OPT_GRASIM_20260224_CE_206000,GRASIM,OPT_CE,206000,20260224,Zero position & not in today refdata
OPT_LT_20260224_PE_532000,LT,OPT_PE,532000,20260224,Zero position & not in today refdata
OPT_ASIANPAINT_20260224_CE_326000,ASIANPAINT,OPT_CE,326000,20260224,Zero position & not in today refdata
OPT_ADANIENT_20260224_CE_286000,ADANIENT,OPT_CE,286000,20260224,Zero position & not in today refdata
OPT_SBIN_20260224_PE_69000,SBIN,OPT_PE,69000,20260224,Zero position & not in today refdata
OPT_TITAN_20260224_PE_486000,TITAN,OPT_PE,486000,20260224,Zero position & not in today refdata
OPT_BHARTIARTL_20260224_CE_304000,BHARTIARTL,OPT_CE,304000,20260224,Zero position & not in today refdata
OPT_KOTAKBANK_20260224_PE_60000,KOTAKBANK,OPT_PE,60000,20260224,Zero position & not in today refdata
OPT_BEL_20260224_PE_28500,BEL,OPT_PE,28500,20260224,Zero position & not in today refdata
OPT_ITC_20260224_CE_46750,ITC,OPT_CE,46750,20260224,Zero position & not in today refdata
OPT_HEROMOTOCO_20260224_CE_860000,HEROMOTOCO,OPT_CE,860000,20260224,Zero position & not in today refdata
OPT_BHARTIARTL_20260224_CE_296000,BHARTIARTL,OPT_CE,296000,20260224,Zero position & not in today refdata
OPT_KOTAKBANK_20260224_PE_51750,KOTAKBANK,OPT_PE,51750,20260224,Zero position & not in today refdata
OPT_ITC_20260224_PE_51500,ITC,OPT_PE,51500,20260224,Zero position & not in today refdata
OPT_HDFCLIFE_20260224_PE_112000,HDFCLIFE,OPT_PE,112000,20260224,Zero position & not in today refdata
OPT_HCLTECH_20260224_CE_88000,HCLTECH,OPT_CE,88000,20260224,Zero position & not in today refdata
OPT_SUNPHARMA_20260224_PE_213000,SUNPHARMA,OPT_PE,213000,20260224,Zero position & not in today refdata
OPT_CIPLA_20260224_CE_177000,CIPLA,OPT_CE,177000,20260224,Zero position & not in today refdata
OPT_RELIANCE_20260224_PE_226000,RELIANCE,OPT_PE,226000,20260224,Zero position & not in today refdata
OPT_NTPC_20260224_CE_44250,NTPC,OPT_CE,44250,20260224,Zero position & not in today refdata
OPT_LT_20260224_PE_560000,LT,OPT_PE,560000,20260224,Zero position & not in today refdata
OPT_APOLLOHOSP_20260224_PE_1030000,APOLLOHOSP,OPT_PE,1030000,20260224,Zero position & not in today refdata
OPT_SUNPHARMA_20260224_PE_240000,SUNPHARMA,OPT_PE,240000,20260224,Zero position & not in today refdata
OPT_KOTAKBANK_20260224_CE_50750,KOTAKBANK,OPT_CE,50750,20260224,Zero position & not in today refdata
OPT_SUNPHARMA_20260224_CE_201000,SUNPHARMA,OPT_CE,201000,20260224,Zero position & not in today refdata
OPT_TRENT_20260224_PE_565000,TRENT,OPT_PE,565000,20260224,Zero position & not in today refdata
OPT_JIOFIN_20260224_PE_43500,JIOFIN,OPT_PE,43500,20260224,Zero position & not in today refdata
OPT_BEL_20260224_PE_26000,BEL,OPT_PE,26000,20260224,Zero position & not in today refdata
OPT_HDFCBANK_20260224_CE_112500,HDFCBANK,OPT_CE,112500,20260224,Zero position & not in today refdata
OPT_ITC_20260224_CE_22750,ITC,OPT_CE,22750,20260224,Zero position & not in today refdata
OPT_HDFCLIFE_20260224_CE_110000,HDFCLIFE,OPT_CE,110000,20260224,Zero position & not in today refdata
OPT_ADANIENT_20260224_CE_130000,ADANIENT,OPT_CE,130000,20260224,Zero position & not in today refdata
OPT_BEL_20260224_PE_24000,BEL,OPT_PE,24000,20260224,Zero position & not in today refdata
OPT_NTPC_20260224_PE_18000,NTPC,OPT_PE,18000,20260224,Zero position & not in today refdata
OPT_MARUTI_20260224_PE_2320000,MARUTI,OPT_PE,2320000,20260224,Zero position & not in today refdata
OPT_ETERNAL_20260224_PE_10000,ETERNAL,OPT_PE,10000,20260224,Zero position & not in today refdata
OPT_ONGC_20260224_PE_17000,ONGC,OPT_PE,17000,20260224,Zero position & not in today refdata
OPT_HINDALCO_20260224_PE_63000,HINDALCO,OPT_PE,63000,20260224,Zero position & not in today refdata
OPT_BEL_20260224_CE_31500,BEL,OPT_CE,31500,20260224,Zero position & not in today refdata
OPT_HINDALCO_20260224_PE_56000,HINDALCO,OPT_PE,56000,20260224,Zero position & not in today refdata
OPT_HEROMOTOCO_20260224_CE_365000,HEROMOTOCO,OPT_CE,365000,20260224,Zero position & not in today refdata
OPT_WIPRO_20260224_CE_21900,WIPRO,OPT_CE,21900,20260224,Zero position & not in today refdata
OPT_M&M_20260224_CE_475000,M&M,OPT_CE,475000,20260224,Zero position & not in today refdata
OPT_EICHERMOT_20260224_CE_1050000,EICHERMOT,OPT_CE,1050000,20260224,Zero position & not in today refdata
OPT_M&M_20260224_CE_500000,M&M,OPT_CE,500000,20260224,Zero position & not in today refdata
OPT_CIPLA_20260224_CE_181000,CIPLA,OPT_CE,181000,20260224,Zero position & not in today refdata
OPT_ONGC_20260224_CE_17000,ONGC,OPT_CE,17000,20260224,Zero position & not in today refdata
OPT_DRREDDY_20260224_CE_188000,DRREDDY,OPT_CE,188000,20260224,Zero position & not in today refdata
OPT_TITAN_20260224_CE_486000,TITAN,OPT_CE,486000,20260224,Zero position & not in today refdata
OPT_TITAN_20260224_CE_572000,TITAN,OPT_CE,572000,20260224,Zero position & not in today refdata
OPT_ONGC_20260224_CE_17400,ONGC,OPT_CE,17400,20260224,Zero position & not in today refdata
OPT_COALINDIA_20260224_PE_22000,COALINDIA,OPT_PE,22000,20260224,Zero position & not in today refdata
OPT_EICHERMOT_20260224_PE_1050000,EICHERMOT,OPT_PE,1050000,20260224,Zero position & not in today refdata
OPT_TATASTEEL_20260224_CE_11600,TATASTEEL,OPT_CE,11600,20260224,Zero position & not in today refdata
OPT_CIPLA_20260224_CE_185000,CIPLA,OPT_CE,185000,20260224,Zero position & not in today refdata
OPT_DRREDDY_20260224_CE_60000,DRREDDY,OPT_CE,60000,20260224,Zero position & not in today refdata
OPT_TITAN_20260224_PE_564000,TITAN,OPT_PE,564000,20260224,Zero position & not in today refdata
OPT_APOLLOHOSP_20260224_PE_885000,APOLLOHOSP,OPT_PE,885000,20260224,Zero position & not in today refdata
OPT_M&M_20260224_PE_455000,M&M,OPT_PE,455000,20260224,Zero position & not in today refdata
OPT_ADANIENT_20260224_CE_126000,ADANIENT,OPT_CE,126000,20260224,Zero position & not in today refdata
OPT_ULTRACEMCO_20260224_CE_700000,ULTRACEMCO,OPT_CE,700000,20260224,Zero position & not in today refdata
OPT_LT_20260224_CE_478000,LT,OPT_CE,478000,20260224,Zero position & not in today refdata
OPT_ONGC_20260224_CE_16600,ONGC,OPT_CE,16600,20260224,Zero position & not in today refdata
OPT_ASIANPAINT_20260224_CE_404000,ASIANPAINT,OPT_CE,404000,20260224,Zero position & not in today refdata
OPT_COALINDIA_20260224_PE_35250,COALINDIA,OPT_PE,35250,20260224,Zero position & not in today refdata
OPT_ICICIBANK_20260224_CE_177000,ICICIBANK,OPT_CE,177000,20260224,Zero position & not in today refdata
OPT_ITC_20260224_PE_43250,ITC,OPT_PE,43250,20260224,Zero position & not in today refdata
OPT_TATASTEEL_20260224_CE_15300,TATASTEEL,OPT_CE,15300,20260224,Zero position & not in today refdata
OPT_WIPRO_20260224_CE_21650,WIPRO,OPT_CE,21650,20260224,Zero position & not in today refdata
OPT_ONGC_20260224_CE_19400,ONGC,OPT_CE,19400,20260224,Zero position & not in today refdata
OPT_EICHERMOT_20260224_CE_1060000,EICHERMOT,OPT_CE,1060000,20260224,Zero position & not in today refdata
OPT_MARUTI_20260224_CE_2300000,MARUTI,OPT_CE,2300000,20260224,Zero position & not in today refdata
OPT_HCLTECH_20260224_CE_96000,HCLTECH,OPT_CE,96000,20260224,Zero position & not in today refdata
OPT_TRENT_20260224_CE_515000,TRENT,OPT_CE,515000,20260224,Zero position & not in today refdata
OPT_ETERNAL_20260224_PE_16500,ETERNAL,OPT_PE,16500,20260224,Zero position & not in today refdata
OPT_DRREDDY_20260224_CE_83000,DRREDDY,OPT_CE,83000,20260224,Zero position & not in today refdata
OPT_TECHM_20260224_CE_114000,TECHM,OPT_CE,114000,20260224,Zero position & not in today refdata
OPT_DRREDDY_20260224_PE_186000,DRREDDY,OPT_PE,186000,20260224,Zero position & not in today refdata
OPT_AXISBANK_20260224_CE_70000,AXISBANK,OPT_CE,70000,20260224,Zero position & not in today refdata
OPT_BAJFINANCE_20260224_PE_63000,BAJFINANCE,OPT_PE,63000,20260224,Zero position & not in today refdata
OPT_ASIANPAINT_20260224_CE_380000,ASIANPAINT,OPT_CE,380000,20260224,Zero position & not in today refdata
OPT_HDFCLIFE_20260224_CE_47000,HDFCLIFE,OPT_CE,47000,20260224,Zero position & not in today refdata
OPT_ADANIENT_20260224_PE_312000,ADANIENT,OPT_PE,312000,20260224,Zero position & not in today refdata
OPT_TRENT_20260224_PE_620000,TRENT,OPT_PE,620000,20260224,Zero position & not in today refdata
OPT_ITC_20260224_CE_41250,ITC,OPT_CE,41250,20260224,Zero position & not in today refdata
OPT_JSWSTEEL_20260224_CE_85000,JSWSTEEL,OPT_CE,85000,20260224,Zero position & not in today refdata
OPT_SUNPHARMA_20260224_CE_207000,SUNPHARMA,OPT_CE,207000,20260224,Zero position & not in today refdata
OPT_TCS_20260224_CE_238000,TCS,OPT_CE,238000,20260224,Zero position & not in today refdata
OPT_SHRIRAMFIN_20260224_CE_73000,SHRIRAMFIN,OPT_CE,73000,20260224,Zero position & not in today refdata
OPT_ITC_20260224_CE_57500,ITC,OPT_CE,57500,20260224,Zero position & not in today refdata
OPT_TRENT_20260224_CE_580000,TRENT,OPT_CE,580000,20260224,Zero position & not in today refdata
OPT_CIPLA_20260224_PE_181000,CIPLA,OPT_PE,181000,20260224,Zero position & not in today refdata
OPT_BAJFINANCE_20260224_PE_125000,BAJFINANCE,OPT_PE,125000,20260224,Zero position & not in today refdata
OPT_INDUSINDBK_20260224_PE_130000,INDUSINDBK,OPT_PE,130000,20260224,Zero position & not in today refdata
OPT_SUNPHARMA_20260224_CE_248000,SUNPHARMA,OPT_CE,248000,20260224,Zero position & not in today refdata
OPT_CIPLA_20260224_PE_189000,CIPLA,OPT_PE,189000,20260224,Zero position & not in today refdata
OPT_MARUTI_20260224_PE_2400000,MARUTI,OPT_PE,2400000,20260224,Zero position & not in today refdata
OPT_CIPLA_20260224_CE_210000,CIPLA,OPT_CE,210000,20260224,Zero position & not in today refdata
OPT_JIOFIN_20260224_PE_39250,JIOFIN,OPT_PE,39250,20260224,Zero position & not in today refdata
OPT_ITC_20260224_CE_44250,ITC,OPT_CE,44250,20260224,Zero position & not in today refdata
OPT_ONGC_20260224_PE_16600,ONGC,OPT_PE,16600,20260224,Zero position & not in today refdata
OPT_MARUTI_20260224_PE_2010000,MARUTI,OPT_PE,2010000,20260224,Zero position & not in today refdata
OPT_SBIN_20260224_CE_80500,SBIN,OPT_CE,80500,20260224,Zero position & not in today refdata
OPT_BAJFINANCE_20260224_CE_144000,BAJFINANCE,OPT_CE,144000,20260224,Zero position & not in today refdata
OPT_LT_20260224_CE_466000,LT,OPT_CE,466000,20260224,Zero position & not in today refdata
OPT_ASIANPAINT_20260224_PE_334000,ASIANPAINT,OPT_PE,334000,20260224,Zero position & not in today refdata
OPT_HDFCBANK_20260224_PE_133000,HDFCBANK,OPT_PE,133000,20260224,Zero position & not in today refdata
OPT_TITAN_20260224_PE_568000,TITAN,OPT_PE,568000,20260224,Zero position & not in today refdata
OPT_COALINDIA_20260224_CE_24500,COALINDIA,OPT_CE,24500,20260224,Zero position & not in today refdata
OPT_LT_20260224_CE_482000,LT,OPT_CE,482000,20260224,Zero position & not in today refdata
OPT_MARUTI_20260224_PE_2360000,MARUTI,OPT_PE,2360000,20260224,Zero position & not in today refdata
OPT_SBIN_20260224_CE_82500,SBIN,OPT_CE,82500,20260224,Zero position & not in today refdata
OPT_JIOFIN_20260224_PE_42000,JIOFIN,OPT_PE,42000,20260224,Zero position & not in today refdata
OPT_KOTAKBANK_20260224_CE_60500,KOTAKBANK,OPT_CE,60500,20260224,Zero position & not in today refdata
OPT_BAJAJFINSV_20260224_CE_258000,BAJAJFINSV,OPT_CE,258000,20260224,Zero position & not in today refdata
OPT_ADANIPORTS_20260224_CE_194000,ADANIPORTS,OPT_CE,194000,20260224,Zero position & not in today refdata
OPT_COALINDIA_20260224_PE_32750,COALINDIA,OPT_PE,32750,20260224,Zero position & not in today refdata
OPT_TECHM_20260224_PE_96000,TECHM,OPT_PE,96000,20260224,Zero position & not in today refdata
OPT_TITAN_20260224_PE_498000,TITAN,OPT_PE,498000,20260224,Zero position & not in today refdata
OPT_BEL_20260224_PE_22000,BEL,OPT_PE,22000,20260224,Zero position & not in today refdata
OPT_HINDALCO_20260224_CE_58000,HINDALCO,OPT_CE,58000,20260224,Zero position & not in today refdata
OPT_BEL_20260224_CE_30500,BEL,OPT_CE,30500,20260224,Zero position & not in today refdata
OPT_CIPLA_20260224_CE_183000,CIPLA,OPT_CE,183000,20260224,Zero position & not in today refdata
OPT_HDFCBANK_20260224_CE_74500,HDFCBANK,OPT_CE,74500,20260224,Zero position & not in today refdata
OPT_JIOFIN_20260224_PE_41500,JIOFIN,OPT_PE,41500,20260224,Zero position & not in today refdata
OPT_SBILIFE_20260224_CE_104000,SBILIFE,OPT_CE,104000,20260224,Zero position & not in today refdata
OPT_WIPRO_20260224_CE_28150,WIPRO,OPT_CE,28150,20260224,Zero position & not in today refdata
OPT_APOLLOHOSP_20260224_PE_875000,APOLLOHOSP,OPT_PE,875000,20260224,Zero position & not in today refdata
OPT_TCS_20260224_PE_172000,TCS,OPT_PE,172000,20260224,Zero position & not in today refdata
OPT_SHRIRAMFIN_20260224_PE_73000,SHRIRAMFIN,OPT_PE,73000,20260224,Zero position & not in today refdata
OPT_POWERGRID_20260224_CE_34750,POWERGRID,OPT_CE,34750,20260224,Zero position & not in today refdata
OPT_HINDUNILVR_20260224_PE_314000,HINDUNILVR,OPT_PE,314000,20260224,Zero position & not in today refdata
OPT_COALINDIA_20260224_PE_34750,COALINDIA,OPT_PE,34750,20260224,Zero position & not in today refdata
OPT_ADANIPORTS_20260224_CE_82000,ADANIPORTS,OPT_CE,82000,20260224,Zero position & not in today refdata
OPT_BEL_20260224_CE_24000,BEL,OPT_CE,24000,20260224,Zero position & not in today refdata
OPT_HDFCBANK_20260224_PE_56000,HDFCBANK,OPT_PE,56000,20260224,Zero position & not in today refdata
OPT_RELIANCE_20260224_PE_218000,RELIANCE,OPT_PE,218000,20260224,Zero position & not in today refdata
OPT_POWERGRID_20260224_PE_38500,POWERGRID,OPT_PE,38500,20260224,Zero position & not in today refdata
OPT_ITC_20260224_PE_55000,ITC,OPT_PE,55000,20260224,Zero position & not in today refdata
OPT_AXISBANK_20260224_PE_66000,AXISBANK,OPT_PE,66000,20260224,Zero position & not in today refdata
OPT_COALINDIA_20260224_CE_34250,COALINDIA,OPT_CE,34250,20260224,Zero position & not in today refdata
OPT_SBIN_20260224_CE_63000,SBIN,OPT_CE,63000,20260224,Zero position & not in today refdata
OPT_NTPC_20260224_CE_25250,NTPC,OPT_CE,25250,20260224,Zero position & not in today refdata
OPT_NTPC_20260224_PE_24250,NTPC,OPT_PE,24250,20260224,Zero position & not in today refdata
OPT_MARUTI_20260224_CE_2260000,MARUTI,OPT_CE,2260000,20260224,Zero position & not in today refdata
OPT_JSWSTEEL_20260224_PE_68000,JSWSTEEL,OPT_PE,68000,20260224,Zero position & not in today refdata
OPT_CIPLA_20260224_PE_202000,CIPLA,OPT_PE,202000,20260224,Zero position & not in today refdata
OPT_HDFCBANK_20260224_PE_130000,HDFCBANK,OPT_PE,130000,20260224,Zero position & not in today refdata
OPT_ITC_20260224_PE_48250,ITC,OPT_PE,48250,20260224,Zero position & not in today refdata
OPT_TCS_20260224_CE_172000,TCS,OPT_CE,172000,20260224,Zero position & not in today refdata
OPT_ITC_20260224_PE_56000,ITC,OPT_PE,56000,20260224,Zero position & not in today refdata
OPT_JIOFIN_20260224_PE_37250,JIOFIN,OPT_PE,37250,20260224,Zero position & not in today refdata
OPT_TRENT_20260224_PE_535000,TRENT,OPT_PE,535000,20260224,Zero position & not in today refdata
OPT_HINDALCO_20260224_CE_65000,HINDALCO,OPT_CE,65000,20260224,Zero position & not in today refdata
OPT_APOLLOHOSP_20260224_PE_895000,APOLLOHOSP,OPT_PE,895000,20260224,Zero position & not in today refdata
OPT_SUNPHARMA_20260224_CE_242000,SUNPHARMA,OPT_CE,242000,20260224,Zero position & not in today refdata
OPT_HEROMOTOCO_20260224_PE_830000,HEROMOTOCO,OPT_PE,830000,20260224,Zero position & not in today refdata
OPT_JIOFIN_20260224_CE_38750,JIOFIN,OPT_CE,38750,20260224,Zero position & not in today refdata
OPT_GRASIM_20260224_CE_358000,GRASIM,OPT_CE,358000,20260224,Zero position & not in today refdata
OPT_CIPLA_20260224_CE_95000,CIPLA,OPT_CE,95000,20260224,Zero position & not in today refdata
OPT_TECHM_20260224_PE_92000,TECHM,OPT_PE,92000,20260224,Zero position & not in today refdata
OPT_MARUTI_20260224_CE_2050000,MARUTI,OPT_CE,2050000,20260224,Zero position & not in today refdata
OPT_RELIANCE_20260224_CE_232000,RELIANCE,OPT_CE,232000,20260224,Zero position & not in today refdata
OPT_ONGC_20260224_CE_20500,ONGC,OPT_CE,20500,20260224,Zero position & not in today refdata
OPT_ADANIENT_20260224_PE_324000,ADANIENT,OPT_PE,324000,20260224,Zero position & not in today refdata
OPT_SBIN_20260224_CE_81500,SBIN,OPT_CE,81500,20260224,Zero position & not in today refdata
OPT_HINDUNILVR_20260224_PE_348000,HINDUNILVR,OPT_PE,348000,20260224,Zero position & not in today refdata
OPT_HDFCBANK_20260224_CE_116500,HDFCBANK,OPT_CE,116500,20260224,Zero position & not in today refdata
OPT_HDFCBANK_20260224_CE_115500,HDFCBANK,OPT_CE,115500,20260224,Zero position & not in today refdata
OPT_ICICIBANK_20260224_PE_99000,ICICIBANK,OPT_PE,99000,20260224,Zero position & not in today refdata
OPT_MARUTI_20260224_CE_2070000,MARUTI,OPT_CE,2070000,20260224,Zero position & not in today refdata
OPT_ADANIENT_20260224_CE_282000,ADANIENT,OPT_CE,282000,20260224,Zero position & not in today refdata
OPT_RELIANCE_20260224_PE_191000,RELIANCE,OPT_PE,191000,20260224,Zero position & not in today refdata
OPT_EICHERMOT_20260224_CE_925000,EICHERMOT,OPT_CE,925000,20260224,Zero position & not in today refdata
OPT_COALINDIA_20260224_CE_22500,COALINDIA,OPT_CE,22500,20260224,Zero position & not in today refdata
OPT_ONGC_20260224_CE_17200,ONGC,OPT_CE,17200,20260224,Zero position & not in today refdata
OPT_TCS_20260224_PE_238000,TCS,OPT_PE,238000,20260224,Zero position & not in today refdata
OPT_ICICIBANK_20260224_CE_179000,ICICIBANK,OPT_CE,179000,20260224,Zero position & not in today refdata
OPT_HCLTECH_20260224_CE_118000,HCLTECH,OPT_CE,118000,20260224,Zero position & not in today refdata
OPT_ICICIBANK_20260224_CE_175000,ICICIBANK,OPT_CE,175000,20260224,Zero position & not in today refdata
OPT_RELIANCE_20260224_PE_195000,RELIANCE,OPT_PE,195000,20260224,Zero position & not in today refdata
OPT_ADANIENT_20260224_PE_88000,ADANIENT,OPT_PE,88000,20260224,Zero position & not in today refdata
OPT_POWERGRID_20260224_PE_35250,POWERGRID,OPT_PE,35250,20260224,Zero position & not in today refdata
OPT_BAJAJ-AUTO_20260224_CE_1250000,BAJAJ-AUTO,OPT_CE,1250000,20260224,Zero position & not in today refdata
OPT_ADANIENT_20260224_PE_130000,ADANIENT,OPT_PE,130000,20260224,Zero position & not in today refdata
OPT_ONGC_20260224_PE_19900,ONGC,OPT_PE,19900,20260224,Zero position & not in today refdata
OPT_COALINDIA_20260224_PE_25500,COALINDIA,OPT_PE,25500,20260224,Zero position & not in today refdata
OPT_RELIANCE_20260224_CE_218000,RELIANCE,OPT_CE,218000,20260224,Zero position & not in today refdata
OPT_LT_20260224_CE_486000,LT,OPT_CE,486000,20260224,Zero position & not in today refdata
OPT_SHRIRAMFIN_20260224_CE_62000,SHRIRAMFIN,OPT_CE,62000,20260224,Zero position & not in today refdata
OPT_BEL_20260224_CE_25000,BEL,OPT_CE,25000,20260224,Zero position & not in today refdata
OPT_ITC_20260224_CE_48250,ITC,OPT_CE,48250,20260224,Zero position & not in today refdata
OPT_ITC_20260224_CE_46250,ITC,OPT_CE,46250,20260224,Zero position & not in today refdata
OPT_ONGC_20260224_PE_17400,ONGC,OPT_PE,17400,20260224,Zero position & not in today refdata
OPT_RELIANCE_20260224_CE_179000,RELIANCE,OPT_CE,179000,20260224,Zero position & not in today refdata
OPT_TATASTEEL_20260224_CE_10800,TATASTEEL,OPT_CE,10800,20260224,Zero position & not in today refdata
OPT_MARUTI_20260224_CE_2420000,MARUTI,OPT_CE,2420000,20260224,Zero position & not in today refdata
OPT_TITAN_20260224_CE_552000,TITAN,OPT_CE,552000,20260224,Zero position & not in today refdata
OPT_HDFCLIFE_20260224_PE_114000,HDFCLIFE,OPT_PE,114000,20260224,Zero position & not in today refdata
OPT_ONGC_20260224_PE_21300,ONGC,OPT_PE,21300,20260224,Zero position & not in today refdata
OPT_COALINDIA_20260224_CE_26000,COALINDIA,OPT_CE,26000,20260224,Zero position & not in today refdata
OPT_BAJFINANCE_20260224_CE_148000,BAJFINANCE,OPT_CE,148000,20260224,Zero position & not in today refdata
OPT_ONGC_20260224_PE_17600,ONGC,OPT_PE,17600,20260224,Zero position & not in today refdata
OPT_RELIANCE_20260224_PE_216000,RELIANCE,OPT_PE,216000,20260224,Zero position & not in today refdata
OPT_KOTAKBANK_20260224_PE_59500,KOTAKBANK,OPT_PE,59500,20260224,Zero position & not in today refdata
OPT_POWERGRID_20260224_PE_17250,POWERGRID,OPT_PE,17250,20260224,Zero position & not in today refdata
OPT_CIPLA_20260224_PE_204000,CIPLA,OPT_PE,204000,20260224,Zero position & not in today refdata
OPT_WIPRO_20260224_PE_20650,WIPRO,OPT_PE,20650,20260224,Zero position & not in today refdata
OPT_ULTRACEMCO_20260224_PE_870000,ULTRACEMCO,OPT_PE,870000,20260224,Zero position & not in today refdata
OPT_JSWSTEEL_20260224_CE_72000,JSWSTEEL,OPT_CE,72000,20260224,Zero position & not in today refdata
OPT_ASIANPAINT_20260224_PE_384000,ASIANPAINT,OPT_PE,384000,20260224,Zero position & not in today refdata
OPT_BHARTIARTL_20260224_CE_308000,BHARTIARTL,OPT_CE,308000,20260224,Zero position & not in today refdata
OPT_APOLLOHOSP_20260224_CE_1070000,APOLLOHOSP,OPT_CE,1070000,20260224,Zero position & not in today refdata
OPT_ULTRACEMCO_20260224_PE_700000,ULTRACEMCO,OPT_PE,700000,20260224,Zero position & not in today refdata
OPT_INFY_20260224_CE_114000,INFY,OPT_CE,114000,20260224,Zero position & not in today refdata
OPT_ADANIPORTS_20260224_CE_220000,ADANIPORTS,OPT_CE,220000,20260224,Zero position & not in today refdata
OPT_LT_20260224_PE_482000,LT,OPT_PE,482000,20260224,Zero position & not in today refdata
OPT_HDFCBANK_20260224_CE_117500,HDFCBANK,OPT_CE,117500,20260224,Zero position & not in today refdata
OPT_AXISBANK_20260224_PE_95000,AXISBANK,OPT_PE,95000,20260224,Zero position & not in today refdata
OPT_ETERNAL_20260224_PE_37500,ETERNAL,OPT_PE,37500,20260224,Zero position & not in today refdata
OPT_CIPLA_20260224_PE_179000,CIPLA,OPT_PE,179000,20260224,Zero position & not in today refdata
OPT_NTPC_20260224_PE_19000,NTPC,OPT_PE,19000,20260224,Zero position & not in today refdata
OPT_SUNPHARMA_20260224_CE_199000,SUNPHARMA,OPT_CE,199000,20260224,Zero position & not in today refdata
OPT_HEROMOTOCO_20260224_PE_745000,HEROMOTOCO,OPT_PE,745000,20260224,Zero position & not in today refdata
OPT_INDUSINDBK_20260224_PE_132000,INDUSINDBK,OPT_PE,132000,20260224,Zero position & not in today refdata
OPT_BHARTIARTL_20260224_CE_266000,BHARTIARTL,OPT_CE,266000,20260224,Zero position & not in today refdata
OPT_APOLLOHOSP_20260224_CE_1030000,APOLLOHOSP,OPT_CE,1030000,20260224,Zero position & not in today refdata
OPT_HDFCLIFE_20260224_PE_47000,HDFCLIFE,OPT_PE,47000,20260224,Zero position & not in today refdata
OPT_SBIN_20260224_PE_63000,SBIN,OPT_PE,63000,20260224,Zero position & not in today refdata
OPT_BEL_20260224_PE_29500,BEL,OPT_PE,29500,20260224,Zero position & not in today refdata
OPT_ONGC_20260224_PE_20300,ONGC,OPT_PE,20300,20260224,Zero position & not in today refdata
OPT_MARUTI_20260224_PE_1890000,MARUTI,OPT_PE,1890000,20260224,Zero position & not in today refdata
OPT_ITC_20260224_PE_44750,ITC,OPT_PE,44750,20260224,Zero position & not in today refdata
OPT_JSWSTEEL_20260224_CE_70000,JSWSTEEL,OPT_CE,70000,20260224,Zero position & not in today refdata
OPT_BAJAJFINSV_20260224_CE_296000,BAJAJFINSV,OPT_CE,296000,20260224,Zero position & not in today refdata
OPT_SBIN_20260224_CE_86500,SBIN,OPT_CE,86500,20260224,Zero position & not in today refdata
OPT_JIOFIN_20260224_PE_35250,JIOFIN,OPT_PE,35250,20260224,Zero position & not in today refdata
OPT_SBILIFE_20260224_CE_270000,SBILIFE,OPT_CE,270000,20260224,Zero position & not in today refdata
OPT_BHARTIARTL_20260224_PE_300000,BHARTIARTL,OPT_PE,300000,20260224,Zero position & not in today refdata
OPT_HDFCBANK_20260224_PE_135000,HDFCBANK,OPT_PE,135000,20260224,Zero position & not in today refdata
OPT_BAJFINANCE_20260224_PE_144000,BAJFINANCE,OPT_PE,144000,20260224,Zero position & not in today refdata
OPT_ETERNAL_20260224_CE_36500,ETERNAL,OPT_CE,36500,20260224,Zero position & not in today refdata
OPT_EICHERMOT_20260224_CE_905000,EICHERMOT,OPT_CE,905000,20260224,Zero position & not in today refdata
OPT_RELIANCE_20260224_CE_226000,RELIANCE,OPT_CE,226000,20260224,Zero position & not in today refdata
OPT_MARUTI_20260224_PE_2240000,MARUTI,OPT_PE,2240000,20260224,Zero position & not in today refdata
OPT_INDUSINDBK_20260224_CE_119000,INDUSINDBK,OPT_CE,119000,20260224,Zero position & not in today refdata
OPT_BEL_20260224_PE_25000,BEL,OPT_PE,25000,20260224,Zero position & not in today refdata
OPT_HDFCBANK_20260224_CE_73500,HDFCBANK,OPT_CE,73500,20260224,Zero position & not in today refdata
OPT_NTPC_20260224_CE_24250,NTPC,OPT_CE,24250,20260224,Zero position & not in today refdata
OPT_CIPLA_20260224_PE_187000,CIPLA,OPT_PE,187000,20260224,Zero position & not in today refdata
OPT_ONGC_20260224_CE_19000,ONGC,OPT_CE,19000,20260224,Zero position & not in today refdata
OPT_ADANIENT_20260224_PE_270000,ADANIENT,OPT_PE,270000,20260224,Zero position & not in today refdata
OPT_SUNPHARMA_20260224_CE_205000,SUNPHARMA,OPT_CE,205000,20260224,Zero position & not in today refdata
OPT_HDFCBANK_20260224_CE_114500,HDFCBANK,OPT_CE,114500,20260224,Zero position & not in today refdata
OPT_CIPLA_20260224_PE_173000,CIPLA,OPT_PE,173000,20260224,Zero position & not in today refdata
OPT_ITC_20260224_CE_44750,ITC,OPT_CE,44750,20260224,Zero position & not in today refdata
OPT_DRREDDY_20260224_PE_161000,DRREDDY,OPT_PE,161000,20260224,Zero position & not in today refdata
OPT_BEL_20260224_CE_23000,BEL,OPT_CE,23000,20260224,Zero position & not in today refdata
OPT_WIPRO_20260224_CE_20650,WIPRO,OPT_CE,20650,20260224,Zero position & not in today refdata
OPT_ITC_20260224_CE_52000,ITC,OPT_CE,52000,20260224,Zero position & not in today refdata
OPT_ASIANPAINT_20260224_CE_362000,ASIANPAINT,OPT_CE,362000,20260224,Zero position & not in today refdata
OPT_ITC_20260224_PE_53500,ITC,OPT_PE,53500,20260224,Zero position & not in today refdata
OPT_ADANIPORTS_20260224_PE_86000,ADANIPORTS,OPT_PE,86000,20260224,Zero position & not in today refdata
OPT_NTPC_20260224_CE_18500,NTPC,OPT_CE,18500,20260224,Zero position & not in today refdata
OPT_HEROMOTOCO_20260224_CE_850000,HEROMOTOCO,OPT_CE,850000,20260224,Zero position & not in today refdata
OPT_APOLLOHOSP_20260224_CE_1040000,APOLLOHOSP,OPT_CE,1040000,20260224,Zero position & not in today refdata
OPT_NTPC_20260224_CE_24750,NTPC,OPT_CE,24750,20260224,Zero position & not in today refdata
OPT_ADANIENT_20260224_CE_294000,ADANIENT,OPT_CE,294000,20260224,Zero position & not in today refdata
OPT_CIPLA_20260224_PE_210000,CIPLA,OPT_PE,210000,20260224,Zero position & not in today refdata
OPT_ADANIENT_20260224_PE_126000,ADANIENT,OPT_PE,126000,20260224,Zero position & not in today refdata
OPT_LT_20260224_PE_232000,LT,OPT_PE,232000,20260224,Zero position & not in today refdata
OPT_RELIANCE_20260224_CE_66000,RELIANCE,OPT_CE,66000,20260224,Zero position & not in today refdata
OPT_ETERNAL_20260224_PE_45000,ETERNAL,OPT_PE,45000,20260224,Zero position & not in today refdata
OPT_SUNPHARMA_20260224_PE_209000,SUNPHARMA,OPT_PE,209000,20260224,Zero position & not in today refdata
OPT_SUNPHARMA_20260224_CE_203000,SUNPHARMA,OPT_CE,203000,20260224,Zero position & not in today refdata
OPT_HDFCBANK_20260224_CE_113500,HDFCBANK,OPT_CE,113500,20260224,Zero position & not in today refdata
OPT_COALINDIA_20260224_CE_33250,COALINDIA,OPT_CE,33250,20260224,Zero position & not in today refdata
OPT_ASIANPAINT_20260224_CE_358000,ASIANPAINT,OPT_CE,358000,20260224,Zero position & not in today refdata
OPT_ADANIPORTS_20260224_CE_64000,ADANIPORTS,OPT_CE,64000,20260224,Zero position & not in today refdata
OPT_TCS_20260224_CE_242000,TCS,OPT_CE,242000,20260224,Zero position & not in today refdata
OPT_ONGC_20260224_PE_16000,ONGC,OPT_PE,16000,20260224,Zero position & not in today refdata
OPT_BAJFINANCE_20260224_CE_129000,BAJFINANCE,OPT_CE,129000,20260224,Zero position & not in today refdata
OPT_HINDALCO_20260224_CE_60000,HINDALCO,OPT_CE,60000,20260224,Zero position & not in today refdata
OPT_APOLLOHOSP_20260224_CE_350000,APOLLOHOSP,OPT_CE,350000,20260224,Zero position & not in today refdata
OPT_BAJAJFINSV_20260224_CE_262000,BAJAJFINSV,OPT_CE,262000,20260224,Zero position & not in today refdata
OPT_CIPLA_20260224_CE_218000,CIPLA,OPT_CE,218000,20260224,Zero position & not in today refdata
OPT_KOTAKBANK_20260224_CE_51750,KOTAKBANK,OPT_CE,51750,20260224,Zero position & not in today refdata
OPT_ONGC_20260224_PE_19200,ONGC,OPT_PE,19200,20260224,Zero position & not in today refdata
OPT_ADANIENT_20260224_PE_286000,ADANIENT,OPT_PE,286000,20260224,Zero position & not in today refdata
OPT_INFY_20260224_PE_114000,INFY,OPT_PE,114000,20260224,Zero position & not in today refdata
OPT_BHARTIARTL_20260224_PE_304000,BHARTIARTL,OPT_PE,304000,20260224,Zero position & not in today refdata
OPT_SBILIFE_20260224_CE_304000,SBILIFE,OPT_CE,304000,20260224,Zero position & not in today refdata
OPT_APOLLOHOSP_20260224_PE_1060000,APOLLOHOSP,OPT_PE,1060000,20260224,Zero position & not in today refdata
OPT_MARUTI_20260224_CE_2440000,MARUTI,OPT_CE,2440000,20260224,Zero position & not in today refdata
OPT_ASIANPAINT_20260224_PE_354000,ASIANPAINT,OPT_PE,354000,20260224,Zero position & not in today refdata
OPT_SUNPHARMA_20260224_CE_244000,SUNPHARMA,OPT_CE,244000,20260224,Zero position & not in today refdata
OPT_JSWSTEEL_20260224_CE_87000,JSWSTEEL,OPT_CE,87000,20260224,Zero position & not in today refdata
OPT_MARUTI_20260224_CE_2280000,MARUTI,OPT_CE,2280000,20260224,Zero position & not in today refdata
OPT_HCLTECH_20260224_PE_96000,HCLTECH,OPT_PE,96000,20260224,Zero position & not in today refdata
OPT_KOTAKBANK_20260224_PE_48400,KOTAKBANK,OPT_PE,48400,20260224,Zero position & not in today refdata
OPT_HINDALCO_20260224_PE_65000,HINDALCO,OPT_PE,65000,20260224,Zero position & not in today refdata
OPT_INDUSINDBK_20260224_CE_121000,INDUSINDBK,OPT_CE,121000,20260224,Zero position & not in today refdata
OPT_ADANIENT_20260224_CE_122000,ADANIENT,OPT_CE,122000,20260224,Zero position & not in today refdata
OPT_EICHERMOT_20260224_CE_915000,EICHERMOT,OPT_CE,915000,20260224,Zero position & not in today refdata
OPT_BAJAJFINSV_20260224_CE_96000,BAJAJFINSV,OPT_CE,96000,20260224,Zero position & not in today refdata
OPT_RELIANCE_20260224_CE_177000,RELIANCE,OPT_CE,177000,20260224,Zero position & not in today refdata
OPT_ONGC_20260224_PE_21700,ONGC,OPT_PE,21700,20260224,Zero position & not in today refdata
OPT_BEL_20260224_CE_32500,BEL,OPT_CE,32500,20260224,Zero position & not in today refdata
OPT_TATACONSUM_20260224_PE_176000,TATACONSUM,OPT_PE,176000,20260224,Zero position & not in today refdata
OPT_M&M_20260224_PE_520000,M&M,OPT_PE,520000,20260224,Zero position & not in today refdata
OPT_ONGC_20260224_PE_19400,ONGC,OPT_PE,19400,20260224,Zero position & not in today refdata
OPT_SBIN_20260224_PE_67000,SBIN,OPT_PE,67000,20260224,Zero position & not in today refdata
OPT_ASIANPAINT_20260224_CE_342000,ASIANPAINT,OPT_CE,342000,20260224,Zero position & not in today refdata
OPT_ASIANPAINT_20260224_CE_388000,ASIANPAINT,OPT_CE,388000,20260224,Zero position & not in today refdata
OPT_RELIANCE_20260224_CE_185000,RELIANCE,OPT_CE,185000,20260224,Zero position & not in today refdata
OPT_HINDALCO_20260224_CE_56000,HINDALCO,OPT_CE,56000,20260224,Zero position & not in today refdata
OPT_COALINDIA_20260224_CE_23500,COALINDIA,OPT_CE,23500,20260224,Zero position & not in today refdata
OPT_HDFCBANK_20260224_CE_136000,HDFCBANK,OPT_CE,136000,20260224,Zero position & not in today refdata
OPT_HDFCLIFE_20260224_CE_99000,HDFCLIFE,OPT_CE,99000,20260224,Zero position & not in today refdata
OPT_SBIN_20260224_CE_83500,SBIN,OPT_CE,83500,20260224,Zero position & not in today refdata
OPT_APOLLOHOSP_20260224_CE_925000,APOLLOHOSP,OPT_CE,925000,20260224,Zero position & not in today refdata
OPT_KOTAKBANK_20260224_PE_46800,KOTAKBANK,OPT_PE,46800,20260224,Zero position & not in today refdata
OPT_TECHM_20260224_CE_100000,TECHM,OPT_CE,100000,20260224,Zero position & not in today refdata
OPT_ITC_20260224_PE_47250,ITC,OPT_PE,47250,20260224,Zero position & not in today refdata
OPT_TATACONSUM_20260224_PE_170000,TATACONSUM,OPT_PE,170000,20260224,Zero position & not in today refdata
OPT_TATASTEEL_20260224_CE_15700,TATASTEEL,OPT_CE,15700,20260224,Zero position & not in today refdata
OPT_SBIN_20260224_PE_82500,SBIN,OPT_PE,82500,20260224,Zero position & not in today refdata
OPT_MARUTI_20260224_PE_1870000,MARUTI,OPT_PE,1870000,20260224,Zero position & not in today refdata
OPT_MARUTI_20260224_CE_1970000,MARUTI,OPT_CE,1970000,20260224,Zero position & not in today refdata
OPT_EICHERMOT_20260224_CE_1090000,EICHERMOT,OPT_CE,1090000,20260224,Zero position & not in today refdata
OPT_DRREDDY_20260224_CE_81000,DRREDDY,OPT_CE,81000,20260224,Zero position & not in today refdata
OPT_HDFCBANK_20260224_PE_117500,HDFCBANK,OPT_PE,117500,20260224,Zero position & not in today refdata
OPT_LT_20260224_CE_548000,LT,OPT_CE,548000,20260224,Zero position & not in today refdata
OPT_RELIANCE_20260224_PE_181000,RELIANCE,OPT_PE,181000,20260224,Zero position & not in today refdata
OPT_HINDUNILVR_20260224_PE_124000,HINDUNILVR,OPT_PE,124000,20260224,Zero position & not in today refdata
OPT_JIOFIN_20260224_CE_43000,JIOFIN,OPT_CE,43000,20260224,Zero position & not in today refdata
OPT_HINDUNILVR_20260224_CE_124000,HINDUNILVR,OPT_CE,124000,20260224,Zero position & not in today refdata
OPT_BAJAJ-AUTO_20260224_CE_500000,BAJAJ-AUTO,OPT_CE,500000,20260224,Zero position & not in today refdata
OPT_JIOFIN_20260224_CE_42000,JIOFIN,OPT_CE,42000,20260224,Zero position & not in today refdata
OPT_TECHM_20260224_PE_118000,TECHM,OPT_PE,118000,20260224,Zero position & not in today refdata
OPT_APOLLOHOSP_20260224_PE_1040000,APOLLOHOSP,OPT_PE,1040000,20260224,Zero position & not in today refdata
OPT_APOLLOHOSP_20260224_CE_895000,APOLLOHOSP,OPT_CE,895000,20260224,Zero position & not in today refdata
OPT_CIPLA_20260224_CE_220000,CIPLA,OPT_CE,220000,20260224,Zero position & not in today refdata
OPT_JIOFIN_20260224_CE_35250,JIOFIN,OPT_CE,35250,20260224,Zero position & not in today refdata
OPT_LT_20260224_PE_544000,LT,OPT_PE,544000,20260224,Zero position & not in today refdata
OPT_HDFCBANK_20260224_CE_56000,HDFCBANK,OPT_CE,56000,20260224,Zero position & not in today refdata
OPT_JIOFIN_20260224_CE_40000,JIOFIN,OPT_CE,40000,20260224,Zero position & not in today refdata
OPT_HINDALCO_20260224_PE_52000,HINDALCO,OPT_PE,52000,20260224,Zero position & not in today refdata
OPT_HINDUNILVR_20260224_CE_352000,HINDUNILVR,OPT_CE,352000,20260224,Zero position & not in today refdata
OPT_KOTAKBANK_20260224_CE_59500,KOTAKBANK,OPT_CE,59500,20260224,Zero position & not in today refdata
OPT_RELIANCE_20260224_CE_191000,RELIANCE,OPT_CE,191000,20260224,Zero position & not in today refdata
OPT_JIOFIN_20260224_PE_40000,JIOFIN,OPT_PE,40000,20260224,Zero position & not in today refdata
OPT_ASIANPAINT_20260224_PE_376000,ASIANPAINT,OPT_PE,376000,20260224,Zero position & not in today refdata
OPT_SBILIFE_20260224_PE_104000,SBILIFE,OPT_PE,104000,20260224,Zero position & not in today refdata
OPT_BAJFINANCE_20260224_CE_44000,BAJFINANCE,OPT_CE,44000,20260224,Zero position & not in today refdata
OPT_RELIANCE_20260224_PE_177000,RELIANCE,OPT_PE,177000,20260224,Zero position & not in today refdata
OPT_TITAN_20260224_CE_564000,TITAN,OPT_CE,564000,20260224,Zero position & not in today refdata
OPT_HDFCBANK_20260224_PE_74500,HDFCBANK,OPT_PE,74500,20260224,Zero position & not in today refdata
OPT_ONGC_20260224_PE_21100,ONGC,OPT_PE,21100,20260224,Zero position & not in today refdata
OPT_INDUSINDBK_20260224_CE_50000,INDUSINDBK,OPT_CE,50000,20260224,Zero position & not in today refdata
OPT_ADANIENT_20260224_PE_320000,ADANIENT,OPT_PE,320000,20260224,Zero position & not in today refdata
OPT_TATASTEEL_20260224_CE_14300,TATASTEEL,OPT_CE,14300,20260224,Zero position & not in today refdata
OPT_ULTRACEMCO_20260224_CE_890000,ULTRACEMCO,OPT_CE,890000,20260224,Zero position & not in today refdata
OPT_TATASTEEL_20260224_PE_11800,TATASTEEL,OPT_PE,11800,20260224,Zero position & not in today refdata
OPT_TITAN_20260224_CE_478000,TITAN,OPT_CE,478000,20260224,Zero position & not in today refdata
OPT_SBIN_20260224_PE_80500,SBIN,OPT_PE,80500,20260224,Zero position & not in today refdata
OPT_ONGC_20260224_PE_20900,ONGC,OPT_PE,20900,20260224,Zero position & not in today refdata
OPT_MARUTI_20260224_CE_2010000,MARUTI,OPT_CE,2010000,20260224,Zero position & not in today refdata
OPT_HINDALCO_20260224_CE_62000,HINDALCO,OPT_CE,62000,20260224,Zero position & not in today refdata
OPT_ITC_20260224_CE_56500,ITC,OPT_CE,56500,20260224,Zero position & not in today refdata
OPT_ONGC_20260224_PE_20700,ONGC,OPT_PE,20700,20260224,Zero position & not in today refdata
OPT_TECHM_20260224_CE_110000,TECHM,OPT_CE,110000,20260224,Zero position & not in today refdata
OPT_LT_20260224_CE_302000,LT,OPT_CE,302000,20260224,Zero position & not in today refdata
OPT_APOLLOHOSP_20260224_PE_905000,APOLLOHOSP,OPT_PE,905000,20260224,Zero position & not in today refdata
OPT_LT_20260224_CE_532000,LT,OPT_CE,532000,20260224,Zero position & not in today refdata
OPT_RELIANCE_20260224_PE_179000,RELIANCE,OPT_PE,179000,20260224,Zero position & not in today refdata
OPT_JSWSTEEL_20260224_PE_72000,JSWSTEEL,OPT_PE,72000,20260224,Zero position & not in today refdata
OPT_BAJFINANCE_20260224_PE_129000,BAJFINANCE,OPT_PE,129000,20260224,Zero position & not in today refdata
OPT_SUNPHARMA_20260224_CE_209000,SUNPHARMA,OPT_CE,209000,20260224,Zero position & not in today refdata
OPT_ASIANPAINT_20260224_CE_330000,ASIANPAINT,OPT_CE,330000,20260224,Zero position & not in today refdata
OPT_HCLTECH_20260224_PE_88000,HCLTECH,OPT_PE,88000,20260224,Zero position & not in today refdata
OPT_GRASIM_20260224_PE_140000,GRASIM,OPT_PE,140000,20260224,Zero position & not in today refdata
OPT_EICHERMOT_20260224_PE_1090000,EICHERMOT,OPT_PE,1090000,20260224,Zero position & not in today refdata
OPT_INDUSINDBK_20260224_CE_132000,INDUSINDBK,OPT_CE,132000,20260224,Zero position & not in today refdata
OPT_ICICIBANK_20260224_PE_202000,ICICIBANK,OPT_PE,202000,20260224,Zero position & not in today refdata
OPT_ITC_20260224_CE_58500,ITC,OPT_CE,58500,20260224,Zero position & not in today refdata
OPT_BAJAJ-AUTO_20260224_PE_500000,BAJAJ-AUTO,OPT_PE,500000,20260224,Zero position & not in today refdata
OPT_JIOFIN_20260224_PE_36250,JIOFIN,OPT_PE,36250,20260224,Zero position & not in today refdata
OPT_ICICIBANK_20260224_CE_99000,ICICIBANK,OPT_CE,99000,20260224,Zero position & not in today refdata
OPT_DRREDDY_20260224_PE_184000,DRREDDY,OPT_PE,184000,20260224,Zero position & not in today refdata
OPT_TECHM_20260224_PE_122000,TECHM,OPT_PE,122000,20260224,Zero position & not in today refdata
OPT_ASIANPAINT_20260224_CE_334000,ASIANPAINT,OPT_CE,334000,20260224,Zero position & not in today refdata
OPT_EICHERMOT_20260224_CE_1070000,EICHERMOT,OPT_CE,1070000,20260224,Zero position & not in today refdata
OPT_EICHERMOT_20260224_CE_370000,EICHERMOT,OPT_CE,370000,20260224,Zero position & not in today refdata
OPT_ADANIENT_20260224_CE_84000,ADANIENT,OPT_CE,84000,20260224,Zero position & not in today refdata
OPT_ONGC_20260224_CE_22300,ONGC,OPT_CE,22300,20260224,Zero position & not in today refdata
OPT_ONGC_20260224_PE_16200,ONGC,OPT_PE,16200,20260224,Zero position & not in today refdata
OPT_LT_20260224_PE_552000,LT,OPT_PE,552000,20260224,Zero position & not in today refdata
OPT_KOTAKBANK_20260224_CE_50400,KOTAKBANK,OPT_CE,50400,20260224,Zero position & not in today refdata
OPT_BAJFINANCE_20260224_PE_148000,BAJFINANCE,OPT_PE,148000,20260224,Zero position & not in today refdata
OPT_HINDALCO_20260224_CE_71000,HINDALCO,OPT_CE,71000,20260224,Zero position & not in today refdata
OPT_TATACONSUM_20260224_CE_157000,TATACONSUM,OPT_CE,157000,20260224,Zero position & not in today refdata
OPT_TITAN_20260224_CE_474000,TITAN,OPT_CE,474000,20260224,Zero position & not in today refdata
OPT_LT_20260224_PE_540000,LT,OPT_PE,540000,20260224,Zero position & not in today refdata
OPT_MARUTI_20260224_PE_2070000,MARUTI,OPT_PE,2070000,20260224,Zero position & not in today refdata
OPT_INFY_20260224_CE_92000,INFY,OPT_CE,92000,20260224,Zero position & not in today refdata
OPT_JIOFIN_20260224_CE_39500,JIOFIN,OPT_CE,39500,20260224,Zero position & not in today refdata
OPT_BHARTIARTL_20260224_PE_266000,BHARTIARTL,OPT_PE,266000,20260224,Zero position & not in today refdata
OPT_TITAN_20260224_PE_474000,TITAN,OPT_PE,474000,20260224,Zero position & not in today refdata
OPT_ADANIENT_20260224_CE_324000,ADANIENT,OPT_CE,324000,20260224,Zero position & not in today refdata
OPT_JIOFIN_20260224_PE_42500,JIOFIN,OPT_PE,42500,20260224,Zero position & not in today refdata
OPT_ADANIENT_20260224_CE_274000,ADANIENT,OPT_CE,274000,20260224,Zero position & not in today refdata
OPT_INDUSINDBK_20260224_PE_119000,INDUSINDBK,OPT_PE,119000,20260224,Zero position & not in today refdata
OPT_ONGC_20260224_PE_18400,ONGC,OPT_PE,18400,20260224,Zero position & not in today refdata
OPT_JSWSTEEL_20260224_CE_68000,JSWSTEEL,OPT_CE,68000,20260224,Zero position & not in today refdata
OPT_MARUTI_20260224_CE_1950000,MARUTI,OPT_CE,1950000,20260224,Zero position & not in today refdata
OPT_SBIN_20260224_CE_69000,SBIN,OPT_CE,69000,20260224,Zero position & not in today refdata
OPT_WIPRO_20260224_CE_28650,WIPRO,OPT_CE,28650,20260224,Zero position & not in today refdata
OPT_ITC_20260224_CE_41750,ITC,OPT_CE,41750,20260224,Zero position & not in today refdata
OPT_TATASTEEL_20260224_PE_14700,TATASTEEL,OPT_PE,14700,20260224,Zero position & not in today refdata
OPT_ASIANPAINT_20260224_CE_376000,ASIANPAINT,OPT_CE,376000,20260224,Zero position & not in today refdata
OPT_TCS_20260224_CE_468000,TCS,OPT_CE,468000,20260224,Zero position & not in today refdata
OPT_CIPLA_20260224_CE_206000,CIPLA,OPT_CE,206000,20260224,Zero position & not in today refdata
OPT_JIOFIN_20260224_CE_36250,JIOFIN,OPT_CE,36250,20260224,Zero position & not in today refdata
OPT_ASIANPAINT_20260224_PE_388000,ASIANPAINT,OPT_PE,388000,20260224,Zero position & not in today refdata
OPT_TATASTEEL_20260224_PE_11400,TATASTEEL,OPT_PE,11400,20260224,Zero position & not in today refdata
OPT_CIPLA_20260224_CE_175000,CIPLA,OPT_CE,175000,20260224,Zero position & not in today refdata
OPT_ONGC_20260224_PE_17200,ONGC,OPT_PE,17200,20260224,Zero position & not in today refdata
OPT_TCS_20260224_PE_394000,TCS,OPT_PE,394000,20260224,Zero position & not in today refdata
OPT_COALINDIA_20260224_PE_34250,COALINDIA,OPT_PE,34250,20260224,Zero position & not in today refdata
OPT_ICICIBANK_20260224_PE_200000,ICICIBANK,OPT_PE,200000,20260224,Zero position & not in today refdata
OPT_ADANIENT_20260224_PE_274000,ADANIENT,OPT_PE,274000,20260224,Zero position & not in today refdata
OPT_TATASTEEL_20260224_CE_11000,TATASTEEL,OPT_CE,11000,20260224,Zero position & not in today refdata
OPT_EICHERMOT_20260224_CE_935000,EICHERMOT,OPT_CE,935000,20260224,Zero position & not in today refdata
OPT_ITC_20260224_CE_42750,ITC,OPT_CE,42750,20260224,Zero position & not in today refdata
OPT_ADANIPORTS_20260224_PE_198000,ADANIPORTS,OPT_PE,198000,20260224,Zero position & not in today refdata
OPT_MARUTI_20260224_CE_1930000,MARUTI,OPT_CE,1930000,20260224,Zero position & not in today refdata
OPT_BAJAJFINSV_20260224_PE_262000,BAJAJFINSV,OPT_PE,262000,20260224,Zero position & not in today refdata
OPT_BAJAJ-AUTO_20260224_CE_650000,BAJAJ-AUTO,OPT_CE,650000,20260224,Zero position & not in today refdata
OPT_SUNPHARMA_20260224_PE_205000,SUNPHARMA,OPT_PE,205000,20260224,Zero position & not in today refdata
OPT_HDFCBANK_20260224_CE_133000,HDFCBANK,OPT_CE,133000,20260224,Zero position & not in today refdata
OPT_HDFCBANK_20260224_PE_115500,HDFCBANK,OPT_PE,115500,20260224,Zero position & not in today refdata
OPT_JIOFIN_20260224_PE_39500,JIOFIN,OPT_PE,39500,20260224,Zero position & not in today refdata
OPT_LT_20260224_CE_536000,LT,OPT_CE,536000,20260224,Zero position & not in today refdata
OPT_TRENT_20260224_PE_600000,TRENT,OPT_PE,600000,20260224,Zero position & not in today refdata
OPT_ITC_20260224_CE_55500,ITC,OPT_CE,55500,20260224,Zero position & not in today refdata
OPT_ONGC_20260224_CE_16000,ONGC,OPT_CE,16000,20260224,Zero position & not in today refdata
OPT_TECHM_20260224_CE_122000,TECHM,OPT_CE,122000,20260224,Zero position & not in today refdata
OPT_RELIANCE_20260224_CE_216000,RELIANCE,OPT_CE,216000,20260224,Zero position & not in today refdata
OPT_MARUTI_20260224_CE_2400000,MARUTI,OPT_CE,2400000,20260224,Zero position & not in today refdata
OPT_HEROMOTOCO_20260224_CE_830000,HEROMOTOCO,OPT_CE,830000,20260224,Zero position & not in today refdata
OPT_CIPLA_20260224_PE_95000,CIPLA,OPT_PE,95000,20260224,Zero position & not in today refdata
OPT_ADANIPORTS_20260224_CE_190000,ADANIPORTS,OPT_CE,190000,20260224,Zero position & not in today refdata
OPT_INDUSINDBK_20260224_CE_59000,INDUSINDBK,OPT_CE,59000,20260224,Zero position & not in today refdata
OPT_DRREDDY_20260224_CE_186000,DRREDDY,OPT_CE,186000,20260224,Zero position & not in today refdata
OPT_ITC_20260224_CE_50500,ITC,OPT_CE,50500,20260224,Zero position & not in today refdata
OPT_COALINDIA_20260224_CE_34750,COALINDIA,OPT_CE,34750,20260224,Zero position & not in today refdata
OPT_M&M_20260224_CE_485000,M&M,OPT_CE,485000,20260224,Zero position & not in today refdata
OPT_ONGC_20260224_CE_20700,ONGC,OPT_CE,20700,20260224,Zero position & not in today refdata
OPT_HEROMOTOCO_20260224_PE_735000,HEROMOTOCO,OPT_PE,735000,20260224,Zero position & not in today refdata
OPT_TATASTEEL_20260224_PE_11200,TATASTEEL,OPT_PE,11200,20260224,Zero position & not in today refdata
OPT_CIPLA_20260224_CE_189000,CIPLA,OPT_CE,189000,20260224,Zero position & not in today refdata
OPT_SBILIFE_20260224_CE_142000,SBILIFE,OPT_CE,142000,20260224,Zero position & not in today refdata
OPT_ITC_20260224_CE_54500,ITC,OPT_CE,54500,20260224,Zero position & not in today refdata
